链接,赞,转发,评论,时间,内容概要
http://m.weibo.com/2460997447/EfoHhmOaa,255498,79452,74746,10月31日 17:50?来自微博 weibo.com,papi酱的周一放送――为什么你的女盆友不喜欢你玩游戏？做一个“游戏寡妇”到底是一种怎样的体验？本期视频均取材自真实事件，游戏寡妇的心路历程总是惊人的相似，请各位用心感受[微笑（祝你们周一&一周愉快啦！比心[心papi酱的秒拍视频
http://m.weibo.com/2460997447/ElurPAvNC,12091,2770,1176,今天 19:30?来自六角形的iPhone,长颈鹿李光洙的逗比日常，@张猫要练嘴皮子 带你歪说新的下饭神剧《心里的声音》！赵石的笑点都在这里了！每集时间就十来分钟，完全是下饭的首选啊！作为看韩综的我，已经被笑死了！[笑cry[笑cry张猫要练嘴皮子的秒拍视频
http://m.weibo.com/2460997447/ElkmCF1XK,59593,69265,12312,12月09日 17:50?来自微博weibo.com,papi酱不定期更新的日常――转发送全套噢！！！有一些朋友很不理智啊，会因为玩具可爱就去买肯德基。我就是这样一个不理智的有着少女心的老阿姨??。。。转发这条视频，七天后抽出一个幼稚鬼送ta一整套玩具！（我会告诉你们我已经集齐全套了吗（周末愉快~比心[心 papi酱的秒拍视频
http://m.weibo.com/2460997447/El27N0ilc,25681,563,2501,12月07日 19:24?来自吟诗的iPhone,做个小调查：你觉得男生最帅瞬间是_____？在评论区把照片PO出来吧~
http://m.weibo.com/2460997447/EkTxZ8xwY,42578,1342,6752,12月06日 21:33?来自主人超美的iPhone,谁来给大咪配个“心里的声音”... 秒拍视频 .
http://m.weibo.com/2460997447/EkSeI6U9N,18330,1493,1261,12月06日 18:13?来自九头身的iPhone,宇宙内衣大品牌维密秀，每年都在轰炸大家的神经，开场的中国秀和越来越多的中国模特，真的是老外喜欢中国face吗？多年被维密洗脑的吃瓜二人组@花瓶与逗比 为大家深扒《维秘的圈粉套路》[微笑，说到底还是一门生意呀~~papitube的秒拍视频
http://m.weibo.com/2460997447/EkIIIbUCf,89720,18696,9791,12月05日 18:00?来自微博weibo.com,?papi酱的周一放送――你对外人这么好，你家里人知道吗？有一些人，对远在天边的人，如春天般温暖；对待最亲密的人，如严冬般无情。你是这样的人吗？反正我不是（祝大家周一&一周愉快，让我们跟对的人，说对的话~比心（硬广让生活更美好：http://t.cn/Rfgyz8K @哒哒英语DaDaABC papi酱的秒拍视频
http://m.weibo.com/2460997447/Ek8pq9US6,75044,7178,3972,12月01日 21:33?来自妈你咋了的iPhone,《如果你的家长是这样的画风...》视频中，由于与主题不符，或时长等原因被我删掉的部分片段。（仅供一乐，比心[爱心? 秒拍视频 .
http://m.weibo.com/2460997447/EjXCtuvcw,21914,7172,1498,11月30日 18:05?来自悄悄关注的iPhone,今天@诸葛QQ 3分钟告诉你微博中你不知道的特别功能！[doge流量不够还能尽情刷刷刷？观光EX微博的正确姿势是什么？你知道微博还有小彩蛋吗？一系列实用的小功能来学习一下吧吧！papitube的秒拍视频
http://m.weibo.com/2460997447/EjWeMuWF0,43699,494,7850,11月30日 14:34?来自派件中的iPhone,??????????????????????超级快递是一部非常非常用心的作品，是我第一次主演的动作喜剧。还有很荣幸能和跑酷之父大卫贝尔（他主演的B13区超级无敌牛）合作。还有美丽的宋智孝。还有极具喜剧才华的肖央，还有超级福将赵英俊的音乐。还有我的同学非常优秀有才华的导演宋啸。希望大家能支持这个电影！一定让你在电影院笑到爆炸！??全文
http://m.weibo.com/2460997447/EjOcyFP0A,20379,376,806,11月29日 18:07?来自招兵买马的iPhone,papitube招募啦！无论你是美食、时尚、数码达人、健身大牛，还是灵魂画手、乐迷、影迷、书迷、八卦搬运工！！！恭喜你们找到组织啦！！！papitube需要你！！！上传3到5分钟的原创短视频到秒拍，添加接头暗号#papitube来搞#(手动高亮――搞事情的搞！！！),截止日期为圣诞节。活动传送门：?全文
http://m.weibo.com/2460997447/EjENSmKxb,148707,27269,18979,11月28日 18:11?来自我爱爸妈iPhone,papi酱的周一放送――如果你的家长是这种画风，你受得了吗？是惊喜还是惊吓？现在知道你爸妈为什么要管着你，为什么要让你好好学习，要让你去学、英、文、了吧！（此处有硬广）@哒哒英语DaDaABC http://t.cn/RfYZqWX（祝大家周一愉快，学习、工作中，都要不遗余力地浑水摸鱼噢~  papi酱的秒拍视频
http://m.weibo.com/2460997447/Ej5bm4sNd,113930,2240,6155,11月24日 23:30?来自不睡觉的iPhone,给各位分享一个经验：失眠的时候，放下手机调整呼吸，闭上双眼，认真思考一个问题――睡觉的时候眼球到底应该放在什么位置。然后你就一整夜都睡不着啦！
http://m.weibo.com/2460997447/Ej32xvmxo,74372,6682,6344,11月24日 18:03?来自寡妇联盟的iPhone,《游戏寡妇》那期视频由于时长&其他原因被我删除的段落。以后各种视频的删除段落也会不定期放送，敬请（不用）特别期待，比心[爱心?（今天的我，也是一个“骄傲”的游戏寡妇??? 秒拍视频 .
http://m.weibo.com/2460997447/EiTcW4pQe,29745,582,1155,11月23日 17:01?来自被抛弃的iPhone,画风突变的papitube#假人挑战#！最近全国各地开启速冻模式，冷风也吹进了我们的办公室，一瞬间大家都懵逼了，但一回头所有人迷の凹起了造型！真是一场时尚时尚最时尚办公室的小冒险啊~~[二哈papitube的秒拍视频
http://m.weibo.com/2460997447/EiLLTDBnU,80629,1842,4027,11月22日 22:05?来自熊本熊的iPhone,和小咪的合照之――熊本熊的脸，每一次细看，都有一种直击心灵的感受。
http://m.weibo.com/2460997447/EiKdmbYjx,17257,2539,1161,11月22日 18:07?来自冷到关机的iPhone,眼线可以修饰眼睛的形状，一个自然的美瞳线可以让眼妆更加干净清透，也会更加有神哦~今天我就告诉大家，怎么根据自己眼睛的特点画一个【让人眼前一亮的美瞳线】[奥特曼「关注并转发这条微博我抽三个粉丝送美宝莲唇露」上周没抽到的宝宝这周加油啊~一周后抽[二哈[春楠LI的秒拍视频
http://m.weibo.com/2460997447/EiAFUv7Eq,106489,26172,20297,11月21日 17:50?来自刚退烧的iPhone,papi酱的周一放送――身体不好是一种怎样的体验？希望你们永远都不会有这样的体验。相信我，这个世界上没有比健康更重要的事。（这周全国大降温啦，大家都要注意身体啊！（祝你们周一&一周健康快乐！（来自一个刚刚退烧的我???papi酱的秒拍视频
http://m.weibo.com/2460997447/EhR4xlxyn,292594,7693,20077,11月16日 21:44?来自痛心的iPhone,大咪，我好不容易回家了，你这是什么表情？？你不想我吗？？？
http://m.weibo.com/2460997447/EhPJRq1kK,31024,9611,8721,11月16日 18:21?来自祝你们幸福iPhone,很多人说，异地恋就是有对象的单身狗？是呀，谁喜欢异地恋呢？可我喜欢你啊！今天有四年异地经历的@ACui阿崔 学姐来给你们分享下，异地恋应该如何持续保鲜！我们都是打不死的异地恋啊！！papitube的秒拍视频
http://m.weibo.com/2460997447/EhOYB3HYt,84522,231,2894,11月16日 16:24?来自被世界遗弃iPhone,为什么大家不能对深夜工作的阿姨（少女）多一些关爱！放下手机时我多么信任大家，31个人，30个红包！只有我！只有我！！没抢到！！我恨这个世界。??
http://m.weibo.com/2460997447/EhwLg9qvb,127805,21792,16890,11月14日 18:02?来自没有手拿的iPhone,papi酱的周一放送――各位盆友们，上周五的双十一，你过得还好吗？[微笑告诉我，是谁成就了天猫？是谁成就了阿里巴巴？是谁成就了马云？？姆们！姆们！！姆们！！！（双十一已经过去了，双十二还会远吗？可是我的手怎么不见了[泪（祝你们吃土的周一&一周愉快！（本期视频看到最后的都是真爱惹，比三?全文
http://m.weibo.com/2460997447/EhdvnqeP3,33037,3689,3071,11月12日 17:01?来自微博活动,papi酱不定期更新的日常――“我喜欢你”的N种表达方式！光棍节前强势助攻一波！我只能帮大家到这里了！我喜欢大家的表达方式~那当然是――转发抽奖咯！转发微博的同时附上――你的，“我喜欢你”的表达方式，就可能获得大大大礼品（周末愉快～我喜欢乃萌！[心papi酱的秒拍视频
http://m.weibo.com/2460997447/Eh5UD2Wz2,24547,1973,1087,11月11日 21:41?来自买买买买买iPhone,双十一这个小婊砸，你真的懂吗？@张猫要练嘴皮子 资深男婶讲解，相关推荐、满减凑单、领券包邮，全都是套路啊！！为奋战在一线的物流战士致敬！不过…快递能不能先送我的啊！！[笑cry张猫要练嘴皮子的秒拍视频
http://m.weibo.com/2460997447/Eh4Pjtc0b,57355,3821,3559,11月11日 18:55?来自嘲讽的iPhone,明天就是11.11单身节了！还没有对象的朋友你们有困扰吗？心灵鸡汤教主 @PAPI酱 有话想说！哈哈哈灵魂都得到了升华啊[哆啦A梦吃惊[哆啦A梦吃惊~~papitube的秒拍视频
http://m.weibo.com/2460997447/Eh4ym8GnT,16770,53,448,11月11日 18:13?来自专发广告的iPhone,双十一终极狂欢，最后6小时！全店满199返200 ，真返，不玩虚的，年度最低折扣！扫荡就一次，皮肤水润一年不吃土！想和红人界清流Papi酱一样直面所有近镜头？速速点这里 ！MG美即新缤纷水漾肌密面膜套装20片 转季补水保湿 护肤品 快把萌熊礼盒抱回家~@papi酱
http://m.weibo.com/2460997447/EgXqW01Gz,213311,1621,13472,11月11日 00:06?来自iPhone 7 Plus,啊啊啊啊啊啊啊气死我了！！！气死我了！！！！啊啊啊啊啊啊啊啊！！！！！
http://m.weibo.com/2460997447/EgLBow1Q8,31871,4443,3490,11月09日 17:59?来自吃嘛嘛香的iPhone,#张猫歪说电影# 法医秦明断案记！放心看！我都打好马赛克了！#麦芽的香气# #网剧法医秦明# 张猫要练嘴皮子的秒拍视频
http://m.weibo.com/2460997447/EgLeM6U5X,23593,203,976,11月09日 17:03?来自发广告用的iPhone,#papi酱直播#小丽要放放放大料啦！11月9号22点――23点，papi酱将与gogoboi、ayawawa共同现身天猫直播啦！[嘻嘻宇宙第一才华美貌遇上全球最in时尚、互联网最懂爱的情感作家，将要碰撞出怎样的火花？都是要晒出他们的双十一剁手清单吗？哈哈，小丽我要坐等直播！直播链接:http://t.cn/RfhTkEr @天猫?全文
http://m.weibo.com/2460997447/EgsGN6hCv,188034,72851,43529,11月07日 17:50?来自微博 weibo.com,papi酱的周一放送――如果把网络用语（粉圈用语为主）运用到现实生活中，会有什么意想不到的效果？前方高能，非战斗人员迅速撤离，这不是演习！因为本视频里的话你很有可能一句都听不懂！（听不懂也不要问我，我也不懂！[摊手（祝你们周一&一周愉快啦啦啦！比心[心papi酱的秒拍视频
http://m.weibo.com/2460997447/Eg9TWsK9G,32983,4720,4300,11月05日 18:00?来自肥而不腻的iPhone,一碗可以穿越回童年的红烧肉便当！妈妈拿手的一道菜， @言食舍 能让你回忆起眼保健操、弹球、圣斗士星矢……80后的我已经泪奔了！！[笑cry[笑crypapitube的秒拍视频
http://m.weibo.com/2460997447/Eg0ppoYU1,214523,312707,131365,11月04日 17:50?来自微博 weibo.com,papi酱不定期更新的日常――“我喜欢你”的N种表达方式！光棍节前强势助攻一波！我只能帮大家到这里了！我喜欢大家的表达方式~那当然是――转发抽奖咯！转发微博的同时附上――你的，“我喜欢你”的表达方式，就可能获得大大大礼品（周末愉快～我喜欢乃萌！[心papi酱的秒拍视频
http://m.weibo.com/2460997447/EfHFZvcb3,35801,7345,5301,11月02日 18:09?来自iPhone 6s,如果准备驾考笔试的时候就觉得欲哭无泪的话，那只能说哭的太早了[笑cry。进入下一阶段你会发现，真正汹涌澎湃的磨难来自于实车操练。在这个环节我们基本会确认一件事儿――“我是全世界最笨的人”。别问我为什么知道的这么清楚…[二哈[二哈金戈话铁马的秒拍视频
http://m.weibo.com/2460997447/EfF5Iq0pC,21819,170,721,11月02日 11:34?来自微博 weibo.com,10.22日姜思达@Daghe 一起来了一场别开生面的#美即面膜，不敷不行#的直播，没看的可以点这里PAPI酱 姜思达#美即面膜，不敷不行#天猫直播，马上又到了双十一，希望各位一定要买的物（mei）超（ji）所（mian）值（mo）剁的开心 ！MG美即新缤纷水漾肌密面膜套装20片 转季补水保湿 护肤品 #美妆爆款#http://t.cn/RVB6QIw
http://m.weibo.com/2460997447/Ef6hlasDQ,35722,3187,1745,10月29日 18:56?来自iPhone 6s,万圣节快到了！大家看看我是什么鬼样子！特效化妆师@赖赖是Zoe 教你化出吓SHI人的万圣节妆容[二哈[二哈papitube的秒拍视频
http://m.weibo.com/2460997447/EeWtSCUpy,199742,29462,21329,10月28日 18:00?来自微博weibo.com,papi酱不定期更新的日常――你们有没有发现，很多人对中国人和外国人的标准，完！全！不！一！样！请各位拒做双标狗！一视同仁[微笑（周末愉快噜～（比心[心 papi酱的秒拍视频
http://m.weibo.com/2460997447/EeDFw4GQE,32950,11768,3261,10月26日 18:06?来自iPhone 6s,你还在画大平眉？@春楠  教你3种大热的眉型画法~~让自己的眉毛更美更生动！总有一款适合你！[喵喵papitube的秒拍视频
http://m.weibo.com/2460997447/EekLVlAtV,335380,179854,130961,10月24日 18:00?来自微博 weibo.com,papi酱的周一放送――所谓爱豆，那就是心灵的支柱，是前进的方向，是成长的楷模啊，是人生的灯塔，是照亮我生命的光啊！！！有个爱豆真是太好了！！！（祝爱豆周一&一周愉快！（给爱豆比心心[心papi酱的秒拍视频
http://m.weibo.com/2460997447/Ee253zpli,40118,4520,8066,10月22日 18:25?来自iPhone 6s,重温那些年全是套路的五大偶像剧里，@ACui阿崔 总结霸道男主帅气出场的必备要素！告诉我，当年你爱的是单均昊还是慕容云海。[dogepapitube的秒拍视频
http://m.weibo.com/2460997447/EdSqtwHzs,478595,124655,63007,10月21日 17:50?来自微博 weibo.com,papi酱不定期更新的日常――网络是我的保护色，键盘是我的武器，我就是正义的化身，键盘侠！你要加入我的队伍吗？（希望所有的键盘侠都可以原地爆炸（周末愉快啦~~比心[心~~papi酱的秒拍视频
http://m.weibo.com/2460997447/EdzGn6oH6,41676,8295,5341,10月19日 18:07?来自微博 weibo.com,加拼音的双语字幕、硬广植入、过气冷段子！让 @在下杨舒惠 来带领你吐槽这部雷的很爽的剧《超星星学园》！有~~毒~~~啊papitube的秒拍视频
http://m.weibo.com/2460997447/EdgIsmVxE,199381,32822,23380,10月17日 17:50?来自微博 weibo.com,papi酱的周一放送――又是一个全新的周一！又可以开始工作了！！老板，我爱工作！我爱加班！工作就是我的全部！（祝你们周一&一周工作愉快！！比心[心papi酱的秒拍视频
http://m.weibo.com/2460997447/Ed8zNCx9t,26247,2239,1227,10月16日 21:07?来自微博 weibo.com,秋风起，食腊味，人变肥…… @美豆爱厨房 给你带来秋天最深切问候的腊味煲仔饭！真的连锅巴都能吃得干干净净！！[抱抱papitube的秒拍视频
http://m.weibo.com/2460997447/EcOuZcRCr,117843,11347,13090,10月14日 18:00?来自微博 weibo.com,papi酱不定期更新的日常――亲爱的朋友们！经过7天连续上班上学，你是否已经疲劳不堪、心力交瘁了？！在这7天时间中，你是否觉得自己患上了节后综合症？！今天，有着足足三个月临床经验的、专治各种疑难杂症的pa大夫，来为广大病友送福音啦！！（pa大夫祝各位患者朋友周末愉快，比心[心?全文
http://m.weibo.com/2460997447/EcvPTBnqN,36117,8976,6766,10月12日 18:29?来自iPhone 6s,让男票陪自己练车多幸福……个毛线啊！@金戈话铁马 女司机练车 转弯不打灯，油门当刹车，停车忘熄火！结果就是 在车上被男票各种臭骂！祝天下女司机都能安全上路！秒拍视频
http://m.weibo.com/2460997447/EccMWxMM2,139175,16304,16908,10月10日 18:00?来自微博 weibo.com,papi酱的周一放送――朋友们，大家还记得张总么？你们想他吗！！他很想你们啊！！今天张总来教我们写、剧、本！！（本视频内所有观点与我本人无关，有事儿请找张总（张总祝大家周一&一周快乐（张总比心[心秒拍视频
http://m.weibo.com/2460997447/EbrWC6O0r,45360,2022,2571,10月05日 18:44?来自iPhone 6s,生活在大城市的旁友们，一定不会忘记每天早晚高峰挤地铁的那份酸爽！ 身体扭成S型不说，旁边的大叔还有狐臭！@在下杨舒惠 友情提示千万别在地铁看小说……别问她怎么知道[哆啦A梦微笑[哆啦A梦微笑秒拍视频
http://m.weibo.com/2460997447/Eb8NqdrVj,192042,29260,27785,10月03日 18:00?来自微博 weibo.com,papi酱的周一放送――十一长假免不了要和朋友聚会吧？朋友聚会免不了要喝几顿吧？不喝吗？没关系，我劝劝你你就喝了[微笑（祝各位周一&一周愉快啦（不用上班上学当然愉快了（假期少喝酒啊！！！（比心[心秒拍视频
http://m.weibo.com/2460997447/EaGxNytCQ,45490,5830,3326,09月30日 18:04?来自微博 weibo.com,国庆长假要到了！ @张猫要练嘴皮子 带来大型旅游纪录片《十一行》，来预祝祖国母亲生日快乐！港真，看完觉得这个假期还是宅家吧……秒拍视频
http://m.weibo.com/2460997447/EanF3DYik,32187,1905,2455,09月28日 18:00?来自iPhone 6s,忍痛割肾买的iPhone 7，长得和6代几乎一毛一样？让 @正经男大锅锅 8招教你有了肾7如何装逼的套路！！[摊手[摊手秒拍视频
http://m.weibo.com/2460997447/Ea5be5bcE,241488,56454,22841,09月26日 18:57?来自微博 weibo.com,papi酱的周一放送――我待生活如初恋，生活待我如大便。如果你觉得老天爷在针对你，醒醒吧，老天爷在针对我们所有人……尽管生活是那么得操蛋，可还是要保持微笑[微笑（祝你们这个周一&一周愉快（再坚持一下，马上就到国庆了！！秒拍视频
http://m.weibo.com/2460997447/E9N8grOBC,469253,6248,24875,09月24日 21:00?来自iPhone 6s,啊哈哈哈哈今天（照片里）的我依然很美啊！！！（想给修图师加一桶大鸡腿??！！！
http://m.weibo.com/2460997447/E9M0wbEWG,42580,3398,2966,09月24日 18:08?来自iPhone 6s,新款的iPhone 7到底有多New Bee呢？ @诸葛QQ 给你做个真机评测吧！！（请跟我读:呢昂Q！四声哦）话说这么快就能拿到亮黑色7Plus 真是羡慕死我啦！[笑cry[笑cry秒拍视频
http://m.weibo.com/2460997447/E9Cwv0dMG,127970,8781,10086,09月23日 18:00?来自搜狗高速浏览器,papi酱不定期更新的日常――没事儿不要读自己以前的日记...（以前写的东西现在再看，真是不知道自己当时在想些什么…（我2016年的日记本还是没找到，2016年都快过去了呜呜呜呜呜呜呜（被鸡蛋打真的很疼啊……朋友们不要轻易尝试...秒拍视频
http://m.weibo.com/2460997447/E9qRXgG3a,64369,10480,1864,09月22日 12:20?来自微博 weibo.com,#阿崔N吧N#他走了，因为抑郁症。这件事让我感觉到了生命的脆弱。今天的视频不搞笑也不萌，但还是希望你们能花几分钟看完它……#乔任梁追思会# 秒拍视频
http://m.weibo.com/2460997447/E9jG5CDQl,29328,2648,2289,09月21日 18:01?来自iPhone 6s,见过肥的人都懂的痛！！@大脑门儿 感！觉！自！己！又！胖！了！希望好看的你们都能瘦！！加油[笑cry[笑cry秒拍视频
http://m.weibo.com/2460997447/E90WxdRZt,178996,38802,17704,09月19日 18:19?来自微博 weibo.com,papi酱的周一放送――今天要说的，是我一个朋友的故事。不过，我相信，这位朋友你们或许也认识。愿我们都不会变成自己最讨厌的那种人。（祝各位周一&一周愉快，比心[心 papi酱的秒拍视频
http://m.weibo.com/2460997447/E8yx4inNQ,80604,7943,3192,09月16日 18:00?来自iPhone 6s,讲真，原来女生寝室是这种画风？？爱总结的 @acui阿崔 把室友们分成了这么几类人~~ OMG！感觉自己中枪的请举手（手手手）[耶秒拍视频
http://m.weibo.com/2460997447/E8fGsxoPI,175703,20158,27206,09月14日 18:01?来自微博 weibo.com,papi酱不定期更新的日常――我，一个大写的，不爱吃月饼。却在中秋前夕，被办公室小伙伴拖住，逼我吃、月、饼……好难吃……我要把办公室这群人都炸了……（月饼还是要吃鲜肉的！（五仁意外的蛮好吃！（大家月饼节快乐！比月亮心[心 秒拍视频
http://m.weibo.com/2460997447/E86jIdDM2,27963,3999,1026,09月13日 18:10?来自iPhone 6s,一口接一口的红烧肉，让晚餐更有滋味！来尝尝@美豆爱厨房 的一道普洱红烧肉吧。当红烧肉的肥美遇上普洱的清淡，简直就是秋天的味道！秒拍视频
http://m.weibo.com/2460997447/E7WP0cmxT,292726,86751,26604,09月12日 18:00?来自微博 weibo.com,papi酱的周一放送――生活中总有那么一群人，对什么都不满意。不管你怎么做、做什么，都是错的。今天我想对那些人说：请把你的高标准、严要求，留给你自己。谢谢合作。（祝你们周一&一周愉快啦！（以后我要愉快地穿吊带衫！（结果现在秋天了[微笑  秒拍视频
http://m.weibo.com/2460997447/E7DY1nubo,63259,5345,3139,09月10日 18:00?来自iPhone 6s,终于开学啦！据说，在校园爱情小说里男主都是一水的狂追酷炫帅，而去追求全世界唯一一个不喜欢他的傻白甜女主！@在下杨舒惠 就给你深度解析一下青春小说！[笑cry[笑cry秒拍视频
http://m.weibo.com/2460997447/E7uxvkwUQ,249679,45131,23178,09月09日 18:00?来自微博 weibo.com,papi酱不定期更新的日常――pa老师的教师play。如果学校当年上这种课，我努努力应该可以进哈佛。（提前祝所有老师教师节快乐～周末愉快啦，比心！[心  秒拍视频
http://m.weibo.com/2460997447/E7l8lghZz,57474,5908,6788,09月08日 18:03?来自微博 weibo.com,papi酱的周一放送――大家还记得我前一阵出国去玩了一趟吧？我由此得出了一个经验教训：出国玩，不要让任何人知道（视频内有奈良“可爱的”小鹿）大家周一&一周快乐噜！比心[心秒拍视频
http://m.weibo.com/2460997447/E7bJVdjmH,26903,1357,2156,09月07日 18:08?来自微博 weibo.com,【黑十二星座】系列――专属处女座的“完美”妆容！看得出@赖赖是Zoe 真的很怕给处女座化妆！[哈哈（喂喂！你自己技术不到家吧）（搞搞无恶意，大家开心就好[心）秒拍视频
http://m.weibo.com/2460997447/E6SPvCu3U,166863,44624,28016,09月05日 18:00?来自微博 weibo.com,papi酱的周一放送――大家还记得我前一阵出国去玩了一趟吧？我由此得出了一个经验教训：出国玩，不要让任何人知道（视频内有奈良“可爱的”小鹿）大家周一&一周快乐噜！比心[心秒拍视频
http://m.weibo.com/2460997447/E5YlwtGfN,118152,9450,4521,08月30日 18:12?来自iPhone 6s,青春时代的暗恋开始于一个爽朗的性格，一个酷酷的发型，或者仅仅是一双好看的手[最右为了吸引到男神的注意，心机瑞也是用尽了套路~@LORI阿姨 你的少女时代也太招笑啦！秒拍视频
http://m.weibo.com/2460997447/E5ORcEPoG,251824,52956,30788,08月29日 18:02?来自微博 weibo.com,papi酱的周一放送――从小学一年级到大四毕业16年学生生涯经典语录120句！我就不信这些话你做学生时没说过！祝大家开学愉快喽～好好学习天天向上！学习是无止尽的！学习是令人愉快的！为你们开心！（反正我就这样瘫在沙发上静静地看你们开学，比心?[心周一&一周愉快啦！秒拍视频
http://m.weibo.com/2460997447/E5mEDmzwo,247389,39681,24690,08月26日 18:15?来自微博 weibo.com,papi酱不定期更新的日常――北！京！话！好！难！讲！（小兰儿竟然拿捡的钱买碗！！还打醋！还买盐！！她不是挑着水桶嘛！怎么不打水了！！！气死我了！！！papi酱的秒拍视频
http://m.weibo.com/2460997447/E53HztY0Y,70413,11931,6092,08月24日 18:00?来自iPhone 6s,国内首档大型原创励志专业学术评论节目《中国新论文》开播啦！！下面上场的是学生@大脑门儿 我们的目标是：做全世界最专业的华语论文节目！斥重金请到华语论文界的4大文王文后担任新论文的梦想导师！秒拍视频
http://m.weibo.com/2460997447/E4KYxiCDq,495845,101143,65999,08月22日 18:19?来自360安全浏览器,papi酱的周一放送――英语已经成为现代中国人在日常生活中乐于并熟练运用的一种语言，今天就让我来教一下大家，英语+中文到底有哪些表现形式。（hope看完video之后的you也能像me一样，说一口fluent的Chinese＋英语。（祝你们周一&一周happy，比heart[心 papi酱的秒拍视频
http://m.weibo.com/2460997447/E4ubWbyJf,251431,9880,4034,08月20日 23:36?来自iPhone 6 Plus,谢谢所有球迷和赞助商的支持作为曾经的战士打光最后一颗子弹也是正常的全力以赴直到世界尽头
http://m.weibo.com/2460997447/E3ZJ6bkWC,49011,3357,7066,08月17日 18:02?来自iPhone 6s,papitube 这个夏天用「影评」教你撩~~~看完《微微一笑很倾城》@张猫要练嘴皮子 教你女朋友和玩游戏到底哪个重要？@杰小米脑丝 带你解读《十宗罪，中国版的神奇四侠》以及@一晚周 看完《盗墓笔记》教你下墓来撩汉！秒拍视频
http://m.weibo.com/2460997447/E3GRSDLOC,340115,79926,61800,08月15日 18:02?来自微博 weibo.com,papi酱的周一放送――那些离开了的人啊，我却从来没有忘记过。你呢？你还记得那个已经离开了的人么？（在现在这段时间播放这么一条视频，或许真的是不合时宜。只能是请求你们原谅我的任性吧……（C着脸还是要祝你们周一&一周愉快！>_<秒拍视频
http://m.weibo.com/2460997447/E3eC6b9Aw,251448,28625,22109,08月12日 18:06?来自微博 weibo.com,papi酱不定期更新的日常――麻将进奥运！我最近在思考一个问题，麻将为什么没有进奥运呢？！对不对？！不分性别，不限年龄，这才是真正的全民运动啊！！强烈呼吁麻将进奥运！！！（本期视频纯属娱乐！！！拒绝黄赌毒！！！（拍的时候笑场笑成狗也是没sei了……（祝你们周末愉快啊！比心！?全文
http://m.weibo.com/2460997447/E2VLah67Q,54602,2673,3410,08月10日 18:06?来自iPhone 6s,七夕真的没套路！papitube特意邀请了三位情感砖家，来独家传授自己的七夕秘籍你们好好学，说不定就分了呢！《电视剧撩妹/撩汉指南》@在下杨舒惠   《男人的套路》@王辣辣PLUS  《表白都是套路》@张猫要练嘴皮子秒拍视频
http://m.weibo.com/2460997447/E2CRCtNd0,363497,79506,42931,08月08日 18:00?来自微博 weibo.com,papi酱的周一放送之七夕特辑――暧昧中的男人对你说的话VS他实际的意思。凡是不以交往为目的的撩妹，都是犯罪！所以，你们还打算和暧昧的那个人过七夕么？盒盒。[微笑（祝周一&一周愉快噜！秒拍视频
http://m.weibo.com/2460997447/E2rH6jXgR,1485904,94523,61778,08月07日 13:33?来自iPhone 6 Plus,没得金牌又怎样？！银牌、铜牌不也很好了吗？！就算是第四五六七八名又怎样？！他们也足够我们骄傲了好吗？！什么“仅获铜牌“、”痛失金牌”，所有能站上奥运赛场的人都已是佼佼者中的佼佼者，轮不到你们胡说八道！我们中国运动员都是最棒的，牌不牌的无所谓，瞎bb的都狗带！！啊气死我了！！！
http://m.weibo.com/2460997447/E2cbhDZov,77606,2893,4150,08月05日 22:04?来自微博活动,papi酱不定期更新的日常第五弹――我出去玩了！！！最近毕业旅行粗去玩了，我向上帝发誓，我再也不想去那该死的室外了！买礼物给粉丝买了很多，还没来得及给自己买[拜拜 转发本视频＋写上你觉得在室内呆着就能达到旅行目的的地方，就有机会收到我亲！自！购买的礼物嗷！抽两名～秒拍视频
http://m.weibo.com/2460997447/E1RJfkluS,47795,1805,4663,08月03日 18:00?来自iPhone 6s,假期的旅行快乐吗？并没有！《赖赖的出行糙汉子妆容》@赖赖是Zoe软妹子独自旅行，却被各种骚扰那该怎么办？《这样的驴友，还是别旅行了》@大脑门儿直面一火车奇葩啊！《阿宅生存法则》@怪叫少年桃太郎不出门依旧没能躲过这旅行的悲桑。。。秒拍视频
http://m.weibo.com/2460997447/E1Kbt7cr8,384212,13710,29146,08月02日 22:47?来自微博 weibo.com,记一次亲近大自然的经历[微笑[微笑[微笑对此我不想多说什么，只希望大家记住我美丽的面庞。比心！（预警，最后一张图片辣眼睛，但我并不认识那个人，晚安惹[心（不知道哪个幸运的朋友会抽到那张陌生人的照片
http://m.weibo.com/2460997447/E1HG3FK6L,114127,361,4576,08月02日 16:25?来自微博weibo.com,嗷！我旅游回来了！讲真，我这老骨头老腿真的不行了，再不锻炼身体，这辈子都别想出去玩了。看来必须找个人生赢家来练练我了@李小鹏，做我私教可好？ 8月3日晚20:00，上第一堂，直播见！教练，学费就算了吧，要不我也教你几招？（可我该教一个世界冠军什么呢(′?_?`)
http://m.weibo.com/2460997447/E1yVLbvUT,140178,10548,9200,08月01日 18:08?来自微博 weibo.com,papi酱的周一放送――奥运会就要来啦，你不来跟我涨点姿势吗？本期视频为科普向，靴靴。（现在想想，所有运动员能平安就好了，别的都没所谓了……（祝你们周一&一周愉快啦！！秒拍视频
http://m.weibo.com/2460997447/E1yTq4now,380079,51867,29054,08月01日 18:03?来自微博 weibo.com,papi酱的周一放送――奥运会就要来啦，你不来跟我涨点姿势吗？本期视频为科普向，靴靴。（现在想想，所有运动员能平安就好了，别的都没所谓了……（祝你们周一&一周愉快啦！！秒拍视频
http://m.weibo.com/2460997447/E16AEkTUq,208932,120216,70108,07月29日 18:00?来自微博 weibo.com,papi酱不定期更新的日常第五弹――我出去玩了！！！最近毕业旅行粗去玩了，我向上帝发誓，我再也不想去那该死的室外了！买礼物给粉丝买了很多，还没来得及给自己买[拜拜 转发本视频＋写上你觉得在室内呆着就能达到旅行目的的地方，就有机会收到我亲！自！购买的礼物嗷！抽两名～秒拍视频
http://m.weibo.com/2460997447/E0NQLtp9W,81661,9849,10018,07月27日 18:17?来自iPhone 6 Plus,雨过天晴，心情也跟着好起来！吐！槽！专！场《旅游你跟过团吗？》@LORI阿姨旅行团里多奇葩快听老瑞吐一发！ 《盘点霸道总裁文常用桥段》@在下杨舒惠一污不扫，何以平总裁！《权力游戏―前女友VS现女友之歌》 @张猫要练嘴皮子男婶儿告诉你！直男的口活儿也很好！ 秒拍视频 .
http://m.weibo.com/2460997447/E0uT43BIR,478148,125241,76339,07月25日 18:01?来自微博 weibo.com,papi酱的周一放送――你会聊天么？反正我知道，有些人是真不会聊天。请各位不会聊天的盆友以后不要再和我聊天了，谢谢合作???祝你们周一&一周愉快咯～（我出去玩啦！！！！啊哈哈哈哈哈哈！！！去室外玩呢！！！哈哈哈哈哈哈哈哈哈哈[微笑秒拍视频
http://m.weibo.com/2460997447/DFHFABxhG,50144,2249,6476,07月20日 19:11?来自微博 weibo.com,今天的@papitube 带来了校！园！专！场！《拯救大学生的电饭锅》by@美豆爱厨房 用电饭锅就能不出校门就能吃上意式大餐[哈哈《如何秒变ABC》by@Em英语课堂 初到美帝分分钟变成ABC的秘籍《那些年我们表白过的女孩》by@可滋可社 大学生活怎么少得了女盆友！送你几件表白神器从此，麻麻再也不用?全文
http://m.weibo.com/2460997447/DFov384nm,327052,30616,39552,07月18日 18:23?来自秒拍网页版,papi酱的周一放松――一个明星的自我修养。今天我们有幸采访到了著名歌手、演员，社会活动家、慈善家papi小姐，与她面对面聊聊公益与书籍。（本视频充斥着知识，请看不懂的同学不要看――李白。（祝你们周一&一周愉快啦！比心～[爱心? 秒拍视频 .
http://m.weibo.com/2460997447/DEXrYdgEk,77563,1280,3012,07月15日 21:31?来自iPhone 6 Plus,papi酱 的@papitube 持续更新优秀短视频的内容平台！喜欢papi和她小伙伴的，来关注吧！爱你们~~（手动比心）。#papi酱#
http://m.weibo.com/2460997447/DEmj5pxzI,366915,1788,16760,07月11日 22:58?来自iPhone 6 Plus,感谢你们今天来看我直播！！我太紧张了大家见谅啊啊啊啊！！（那啥，我这件衣服真的不是睡衣！！！（以及，感谢给我截图做表情包的人???我谢你们啊?????????
http://m.weibo.com/2460997447/DElySkBmv,1442492,10313,291513,07月11日 21:04?来自一直播,我的直播已经开始了，你还不来看吗？( 来自一直播:papi酱正在直播 ) APP下载地址：http://t.cn/RqiDJg5
http://m.weibo.com/2460997447/DEkBIDmz6,362732,92182,39536,07月11日 18:38?来自秒拍网页版,papi酱――毕业季，献给所有已经毕业和即将毕业的人。“我一直在怀疑，毕业究竟是什么，原来是从“学校＝整个社会”这个错觉当中毕业。”――石黑正数。（本期视频算是送给自己的毕业礼物了[微笑（另外，今晚9点我直播，你不来找我玩吗？XD 秒拍视频 .
http://m.weibo.com/2460997447/DEaW0yEZm,234157,5760,17312,07月10日 18:01?来自iPhone 6,哦～看在上帝的面子上，您不来看我直播么我亲爱的老朋友？我是说，7月11日晚上9点，如果您愿意的话。我不得不说，这实在是太令人紧张了，或许，我是说或许，您会来的吧？（此处请脑补一个翻译腔的星星眼）#papi酱直播#
http://m.weibo.com/2460997447/DDS4248uF,295258,20837,22570,07月08日 17:58?来自iPhone 6,papi酱不定期更新的日常第四弹――本期日常由三部分组成，分别是第一部分第二部分和第三部分。具体的我懒得写了哈哈哈哈哈哈哈。（好吧主要有翻译腔舞台腔译制腔在生活中的灵活运用+粉丝来信+听说我要直播了+似乎是 7月11日 21：00分 直播呀 ）#papi酱直播#下期见噜～ 秒拍视频 .
http://m.weibo.com/2460997447/DDzAx51kp,987188,25646,46250,07月06日 18:56?来自iPhone 6s,毕业啦！！比心！！[爱心?
http://m.weibo.com/2460997447/DDpSoDwIO,71594,2808,8012,07月05日 18:13?来自秒拍网页版,papitube―影评专场！1.《X战警：天启》天启老师的时尚之旅by一晚周2.对《独立日2》的5个灵魂拷问by大脑门儿 3.丝毫不污的《三人行》观后感by马鹿同学（下期见了明天毕业好紧张！！！ 秒拍视频 .
http://m.weibo.com/2460997447/DDgsNk66i,268414,28710,32204,07月04日 18:15?来自秒拍网页版,papi酱の心得???――没事别逛家具店。话说我最近在准备搬家，于是我和老胡到家具店去了一趟。我本来只想买一张桌子，但是这个世界，从来都不让你好过。（我的刘海这回剪得还挺好的吧。。。不想祝你们周一愉快了??? 秒拍视频 .
http://m.weibo.com/2460997447/DCXGydC81,164979,7780,20898,07月02日 18:27?来自秒拍网页版,papi酱不定期更新的日常第三弹！我通宵把权力的游戏这一季看完了！本期视频为观看时的反应，非观后感。（ps.预警，本期日常极其无聊，不爱看的等周一即可（pps.“日常”的意思是：日常（看完视频骂我的人一定没有读这段话或是读不懂吧???（周末愉快哟，比心[爱心 秒拍视频 .
http://m.weibo.com/2460997447/DClXC2Csv,85210,8466,13374,06月28日 18:24?来自秒拍网页版,papitube―他们带来了自己的第二蛋！papitube深受小伙伴们喜爱的几位又带着自己的视频来啦！1.《那些年让我们无力吐槽的童鞋们》by Lori阿姨，2.《称霸英国校园的土豆四吃》by 美豆爱厨房3.《大学生的救赎》by 可滋可社（准备去刷GOT了白白！（零食储备鸡爪薯片鸭脖瓜子够不够？ 秒拍视频
http://m.weibo.com/2460997447/DCcEIt31L,246912,31245,29609,06月27日 18:43?来自秒拍网页版,papi酱的个人小剧场之――你有酱婶儿的盆友吗？之第N弹（N是几我懒得数了，你们自己翻翻吧。。。（请仔细观看本期视频，片尾有理解题。每题10分，答案写在答题纸上，写在试卷上一律不算分。（祝你们周一&一周愉快啦（我准备这两天把这季权力的游戏从头到尾刷一遍！激动！ 秒拍视频 .
http://m.weibo.com/2460997447/DBK51rlbZ,66984,4521,10931,06月24日 17:58?来自秒拍网页版,papitube投稿视频第五弹――1.《欧洲杯装X指南》by 大脑门儿；2.《盘点女主穿越小说常用桥段》by在下杨舒惠；3.《榨男日记青凤饮》by 吃喝实验室。papitube持续等你来稿！（对不起我前两天一不小心又忘了发，比心?周末愉快啦！ 秒拍视频 .
http://m.weibo.com/2460997447/DB8snBj1M,400555,94214,75801,06月20日 18:11?来自秒拍网页版,papi酱的男性生存法则第五弹――女人，“没有”谎言。自从《男人的谎言》视频播出之后，一直有人叫我拍“女人的谎言”，可是对不起，我们女人，从来都不撒谎的呀???（祝你们周一&一周愉快啦～?? 秒拍视频 .
http://m.weibo.com/2460997447/DAPJsa2Ps,93400,12526,11053,06月18日 18:31?来自秒拍网页版,papitube投稿视频第四弹，又来啦！――1.《99元晚宴》by 美豆爱厨房；2.《聊一聊爸妈的朋友圈》by 沈癫侠；3.《罗密欧与朱丽叶里的那个人》by 桃太郎-TaoTao。papitube持续等你来稿！（前两天又看了麦迪文，现在内心好满足(￣￣) 秒拍视频 .
http://m.weibo.com/2460997447/DAyAG6hCi,1714853,144224,193248,06月16日 22:53?来自微博 weibo.com,谢谢！！！（比心！！！
http://m.weibo.com/2460997447/DA4rxqVbO,323677,54490,45822,06月13日 18:08?来自秒拍网页版,papi酱N久不见的影评系列视频――我把《魔兽》给看了！！！本期视频，来自一个资深魔兽玩家，的妻子???（电影没什么可黑的，我觉得挺好看（主要是现场气氛太感人，一群大老爷们在电影院里or外惺惺相惜传递眼神基情四射（而且讲道理，麦迪文那么帅，黑不起来。周一&一周愉快咯！ 秒拍视频
http://m.weibo.com/2460997447/DzC7Wy6GV,304135,16386,23138,06月10日 18:03?来自秒拍网页版,papi酱不定期更新的日常――第二弹。鉴于我太不爱出门了，papitube的小伙伴们规定我，每周一去办公室发视频…可那不就是从“一个室内”，到了“另一个室内”么…（大咪昨天出院啦！开心！（狗说它不管怎样都爱我，开心！（下周回上海啦！开心！（端午节没吃到粽子，不开心??? 秒拍视频
http://m.weibo.com/2460997447/DzjqrcGuf,104076,11528,16318,06月08日 18:26?来自秒拍网页版,papitube投稿视频第三弹！――1.《我的siri进入了北京话模式》by 霍泥儿。2.《摇滚千年混不吝，民谣装的万年X》by 大脑门儿。3.《喜欢的人没回信息是种什么体验？》by 朱腥腥。papitube持续等你来稿！！！ 秒拍视频 .
http://m.weibo.com/2460997447/DzieKBANK,516512,130773,39951,06月08日 15:25?来自iPhone 6s,6月16，上海见。转发本条抽2人，送！门！票！！#530网络红人节#
http://m.weibo.com/2460997447/Dz0qntNb1,329010,67903,29421,06月06日 18:04?来自秒拍网页版,papi酱想象中――真正の学霸，到底是什么样的？本期视频偏冷，为你带来炎炎初夏中的一缕凉风（微笑脸）（诸位考生加油！不要紧张！也不要看书了！好好休息，养精蓄锐，为了之后的狂欢！！！（别刷微博了！到时候考卷上一堆“hhhhh”“233333”（周一&一周愉快啦～～[爱心 秒拍视频 .
http://m.weibo.com/2460997447/DyHDsp78G,242299,12960,20739,06月04日 18:14?来自秒拍网页版,papi酱的不定期更新日常――话说2号答辩结束后，好基友小七给我拍了个视频……讲真，我实在不懂为什么好多人都盼着我出门……大家都跟我说“你不要老是宅在家里啊”“多出门活动活动啊”，可是，我在家也可以活动啊???（本期视频原声出镜，不服憋着（另外，评论严禁剧透GOT！! 秒拍视频
http://m.weibo.com/2460997447/DymZlFwwo,625641,11348,30473,06月02日 13:40?来自iPhone 6 Plus,啊哈哈哈哈哈哈哈答辩通过了！！！等毕业啦！！！
http://m.weibo.com/2460997447/Dy69waz1w,73165,3533,12790,05月31日 18:48?来自秒拍网页版,papitube投稿视频第二弹――1.《掉线电台》by 一晚周，2.《在国外尴尬到爆炸的那些事儿》by 杰小米脑丝?，3.《女人在约会时想说的实话》by 滨哥哥Isabel。papitube依然持续等你来稿！ 秒拍视频 .
http://m.weibo.com/2460997447/DxWrHridL,257762,56463,32588,05月30日 18:06?来自秒拍网页版,papi酱――人么，时不时就怀念一下童年。（是呀，我的童年就是圣斗士星矢灌篮高手美少女战士黑猫警长没头脑不高兴西游记新白娘子传奇1毛一包的零食5毛一根的雪糕不过就算你的童年也是这样，我也不会给你红包的。(祝各位成年人六一快乐，虽然这个节日和你没有半毛钱关系[爱心? 秒拍视频 .
http://m.weibo.com/2460997447/DxEKFsLSw,654957,13957,139534,05月28日 21:03?来自iPhone 6 Plus,哪张好看！！！
http://m.weibo.com/2460997447/Dx1SbgsiS,121392,8482,16373,05月24日 18:04?来自秒拍网页版,papitube开放招募满！月！啦！今日放送投稿视频第一弹。1.可滋可社组合之《给papi酱的应聘视频》，2.Lori阿姨之《奇怪的美帝》，3.昊昊君之《亲，毕业论文写完了吗》。感谢各路人才络绎不绝的投稿！各位闯作者们，papitube持续欢迎投稿嗷～！#papitube##搞笑红人大赛# 秒拍视频 .
http://m.weibo.com/2460997447/DwSwzmvNd,241748,27936,23411,05月23日 18:16?来自iPhone 6s,papi酱――张总教你做综艺。张总系列第二弹。如要购买视频中提到的节目创意版权，请与我联系。靴靴。祝你们周一&一周愉快啦～?? 秒拍视频 .
http://m.weibo.com/2460997447/DvOrXFPEa,404168,131905,108595,05月16日 18:04?来自iPhone 6s,papi酱――男人的谎言。（一般来说男人是不是在撒谎，女人第一时间就能看出来。如果她当时没有戳穿你，她可能只是在给你面子。（声明：本视频不针对所有男性，如有误伤，请不要来找我。谢谢合作！祝你们周一&一周愉快啦么么哒[爱心? 秒拍视频 .
http://m.weibo.com/2460997447/DuB25nQs7,361746,87762,44161,05月08日 18:04?来自iPhone 6s,papi酱――你们的妈妈对你们说过这些话吗？讲真，我一直觉得，全天下的妈妈，都是一个妈生的。祝所有妈妈们母亲节快乐??！（别只有今天才想起来你有个妈（重要提醒――明天不更新。为什么？因为挪到今天了啊。哈哈哈哈哈祝你们明天上班愉快啦～[爱心? 秒拍视频 .
http://m.weibo.com/2460997447/DtGtgnsfd,274117,25508,19348,05月02日 18:04?来自iPhone 6s,papi酱的明星系列视频――观众朋友们大家好，欢迎来到娱乐圈特别节目，《明撕ing面对面》！（再说一遍！我的所有明星系列视频，都不针对任何一个明星！！（大家五一假期快乐～～[爱心?以及明天上班快乐哈哈哈哈哈哈哈哈哈哈哈哈哈 秒拍视频 .
http://m.weibo.com/2460997447/Dt4Le4Ev2,190946,12192,25985,04月28日 18:04?来自iPhone 6s,papi酱的招募视频！！！我知道有很多人已经看过了，个么你就再看一遍吧……（我微博忘发了，完全忘了，彻彻底底忘了。）（有本事打我啊！）（别打别打我错了！）请大家把简历+作品（划重点）发送到papitube666@163.com。我等你来嗷！！ 秒拍视频 .
http://m.weibo.com/2460997447/DsWwLkyT3,49366,563,1749,04月27日 21:07?来自iPhone 6,#今年4.29，我们不加班#小伙伴们，最近我的朋友圈被一个热闹的事给刷屏啦！常看我微博的童鞋应该都知道4.29是个什么大日子吧！我呢，当然也希望大家伙通通不加班[doge都能来参加我们的#4.29首都网络安全日#系列活动喽[来辛苦小半年的你们，在这个“不加班”的日子里都来北展吧[鼓掌
http://m.weibo.com/2460997447/DsCt75XDg,361193,74610,49362,04月25日 18:03?来自iPhone 6s,papi酱的吐槽系列――生活中那些令人一言难尽的事。旁友们，告诉我，有视频里这些情况的，绝对不止是我一个人！！（祝大家周一&一周愉快啦！比心[爱心? 秒拍视频 .
http://m.weibo.com/2460997447/DskF3rb9F,356869,64622,39389,04月23日 20:43?来自iPhone 6s,papi酱用最快的方式告诉你，莎翁的四大悲剧究竟说了啥。莎士比亚真的遥不可及吗？先拿本起来读读看咯～入门别看“四大杯”，太虐了！个人推荐四大喜剧的《仲夏夜之梦》，real精彩real好笑！吃下我这发安利吧！我是papi酱，正在参加#23页第四行# 。多看点书吧年轻人！ 秒拍视频 .
http://m.weibo.com/2460997447/DryOPsozP,550189,16293,72374,04月18日 18:55?来自iPhone 6s,分享图片
http://m.weibo.com/2460997447/DryCABtLf,400683,134664,72745,04月18日 18:25?来自iPhone 6s,papi酱――一个人的减肥全过程。俗话说得好，四月不减肥，五月徒伤悲，六月徒伤悲，七月徒伤悲……一直徒伤悲。说句心里话，减肥要讲求方式方法，不然真的会进医院的。祝大家周一&一周愉快啦~[爱心 秒拍视频 .
http://m.weibo.com/2460997447/DqutFi4dc,231309,36922,32786,04月11日 18:02?来自iPhone 6s,papi酱――上海话＋英语第四弹。你们，还记得，Sophie吗？[脸红（话说这期视频我做完至少俩月了，但我懒得做字幕，因为中英日文输入法切换好麻烦，久而久之我就忘了。以至于我一直以为这期已经发过了（前两天突然发现“哎哟卧槽这期怎么没发！”（I am有点sorry。（不过so what，你来打我啊！（哈哈哈哈?全文
http://m.weibo.com/2460997447/DpCP939iZ,72195,9308,10090,04月06日 01:26?来自iPhone 6 Plus,我上传了：【视频：20160403北京望京798和颐酒店女生遇袭】20160403北京望京798和颐酒店女生遇袭（来 @优酷 看我更多精彩视频：http://t.cn/RqUZJZj）
http://m.weibo.com/2460997447/DpCNBigO6,77119,24585,7288,04月06日 01:22?来自iPhone 6 Plus,#和颐酒店女生遇袭##卖淫窝点案底酒店#整理了我被劫持的经过和事态发展到现在的结果，希望对看到这个文章的朋友有所帮助，并且让更多的人转发扩散，让身边的女生看到我的案子有警觉心，也希望有关部门看到这个文章之后，能给我一个有诚意的答复！20160403北京望京798和颐酒店女生遇袭
http://m.weibo.com/2460997447/Dpqu7erKj,844515,390384,92912,04月04日 18:01?来自iPhone 6s,papi酱――我最近越来越觉得，女人真是不好做。希望这个世界对女性的恶意可以少一点，希望没有人再因为你的性别来评价你，希望我们能够尊重每一个女性选择的权利。（本视频与清明无关（祝周一&一周愉快啦[爱心?（我好几年没吃到青团了，sad 秒拍视频 .
http://m.weibo.com/2460997447/DoZLWj7Cd,309404,1812,15561,04月01日 22:01?来自微博 weibo.com,为什么会有人以为，我愚人节会发视频？搞不懂???毕竟，我是一个严肃的人。
http://m.weibo.com/2460997447/DomuIAP8e,354894,143518,59837,03月28日 18:02?来自iPhone 6s,papi酱――没有钱怎么追星嘛！[大哭人到底为什么要赚钱？反正对我们这些人来说，赚钱，是为了追星啊！愿所有迷妹发财！！！ps。花自己的钱，追自己的星，动你家存折了？???pps。爱豆－idol－偶像。（各位周一&一周愉快啦～[爱心? 秒拍视频 .
http://m.weibo.com/2460997447/DnivPhsLX,340582,52103,42240,03月21日 18:03?来自iPhone 6 Plus,papi酱的精分小剧场――大家好，我又来精分了。故事发生在一个普通的茶余饭后时间。――谎言重复一千遍就成了真理。―戈培尔。祝周一&一周愉快[爱心? 秒拍视频 .
http://m.weibo.com/2460997447/Dmew9z9E3,295570,123554,106736,03月14日 18:03?来自iPhone 6 Plus,papi酱白色情人节倾情奉献！男性生存法则第四弹，为什么你送的礼物女朋友总是不喜欢？因为！（周一愉快啦～[爱心? 秒拍视频 .
http://m.weibo.com/2460997447/DlawJqrZi,397005,96459,39239,03月07日 18:03?来自iPhone 6 Plus,papi酱的严肃视频――你在生活中一定也听到过这些话。性别不是标签，愿你我都能生活在一个平等的世界。提前祝“三八妇女节”快乐。 秒拍视频 .
http://m.weibo.com/2460997447/Dl3kMdPUF,156821,38636,15048,03月06日 23:44?来自iPhone 6 Plus,#新作# 很久以前就有一个集鬼畜与才华于一身的女子，成功地引起了本总裁的注意。这周花了整整3天时间，给@papi酱 调教了一首电音单曲。似乎我不小心把女神变成女神经啦[doge，提前祝这个已婚女神女生节快乐[爱你别忘了硬币和收藏哦！【电音单曲】我是papi酱
http://m.weibo.com/2460997447/DkB25uRWV,57399,1247,4012,03月03日 23:41?来自iPhone 6 Plus,《侦探绮谭-石黑正数短篇》（石黑正数 著）
http://m.weibo.com/2460997447/Dkf6OBQ7B,162861,589,9879,03月01日 15:52?来自iPhone 6 Plus,刚、才、被、盗、号、了。
http://m.weibo.com/2460997447/Dk72AjLmx,280788,72771,43398,02月29日 19:20?来自iPhone 6 Plus,papi酱――张总教你做电影。大家好，我又来精分了。今天，wuli张总来教你如何做电影！只要听张总的话，中国电影拿奥斯卡不是梦！！（恭喜小李子啊啊啊啊啊啊！！！！ 秒拍视频 .
http://m.weibo.com/2460997447/Dj2zhev6b,279979,49099,49423,02月22日 18:06?来自iPhone 6 Plus,papi酱的个人小剧场――很多时候，喜欢贬损女人的，往往也是女人。如有雷同，那你也挺倒霉的。（大家元宵节快乐[爱心?记得吃汤圆或元宵～ 秒拍视频 .
http://m.weibo.com/2460997447/DiIQxzife,230432,5531,10216,02月20日 15:54?来自iPhone 6 Plus,我觉得我的siri有问题……
http://m.weibo.com/2460997447/DihFA9iTm,152612,5805,20614,02月17日 18:43?来自iPhone 6 Plus,前两天翻相册翻到的，11月就拍了竟然现在才想起来。大家就看着乐呵乐呵吧（一个辟谣：我在别地儿说过啦，我不是老师，只是研一研二北京推行中小学戏剧教育，我在中小学代过戏剧和表演课。（好了我过生日去啦白白（新的一岁，我的更新速度，也不会更快的（比大拇指[强 秒拍视频 .
http://m.weibo.com/2460997447/DhFIg9Pke,523558,290721,137241,02月13日 18:05?来自iPhone 6 Plus,papi酱的吐槽之――有些人一谈恋爱就招人讨厌。你们有没有觉得，身边有些朋友，只要一谈恋爱，就实力惹人讨厌！（情人节快乐哦[爱心?（单身狗明天为什么要出门？有什么想不开的说出来让大家开心开心！（祝你们上班愉快，反正我不上班哈哈哈哈哈） 秒拍视频 .
http://m.weibo.com/2460997447/DgMs6B5oT,287423,1795,10960,02月07日 21:24?来自iPhone 6 Plus,微博忘发照片了。新年快乐啦～[爱心?（已经看过公众号照片的就不要吐槽了！（另外这是毛衣啊！羊绒的！！
http://m.weibo.com/2460997447/DgBKfvFYn,386704,233542,78145,02月06日 18:09?来自iPhone 6 Plus,papi酱的羊年最后一发！！――马上就要过春节了，你准备好了吗？希望法律禁止所有讨人厌的亲戚过春节！春节快乐啊各位～猴年见［比心[爱心? 秒拍视频 .
http://m.weibo.com/2460997447/DfRCar9Oe,20277,1341,892,02月01日 20:42?来自iPhone 6 Plus,【上海对外经贸大学一学生独游华山失联六天，景区搜寻首日无果】这几天，朋友圈里的一则寻人消息牵动人心。上海对外经贸大学学生朱贤峰在陕西华山景区旅游期间失联。今天已经是朱贤峰失联的第六天。从昨天开始华山景区管委会及当地公安组织人手对景区进行了全面搜索。via央广网上海对外经贸大学一学生独游华山失联六天，景区搜寻首日无果
http://m.weibo.com/2460997447/DfQBH7W4c,142870,20880,18884,02月01日 18:08?来自秒拍网页版,papi酱――美女的烦恼你们根本就不懂之第二弹。今天的小美又一次因为过于美貌所带来的痛苦找papi酱谈心了。（这个视频我拍完有一段时间了，但是我给忘了。。。现在才发向小美说一声骚瑞。（下次更新在春节前[爱心?（听说今天是小年？然而我并不知道那是干嘛的[眼泪小年愉快吧那就！ 秒拍视频
http://m.weibo.com/2460997447/DeMp4dL8r,138610,20495,15261,01月25日 17:36?来自秒拍网页版,papi酱的明星系列――当明星获奖时，他们到底在想些什么？（我又来开脑洞了XD）祝你们一周愉快嗷！［女明星第一弹见置顶。［本次视频做的吼累，不接受任何批评[飞吻［再次声明，我真的不针对任何一个明星！真的！！请粉丝切勿对号入座！我依然受中华人民共和国法律保护！ 秒拍视频 .
http://m.weibo.com/2460997447/DdIMyfFoZ,274486,105126,43309,01月18日 18:33?来自秒拍网页版,papi酱的吐槽――微信有时候真tm让人崩溃！祝你们一周愉快啦～下次更新时间看心情么么哒[飞吻  秒拍视频 .
http://m.weibo.com/2460997447/DcEFAmSFJ,195482,62333,43819,01月11日 18:14?来自秒拍网页版,papi酱的男性生存法则第三弹――经常有人问，女人到底为什么要逛街？因为！（第一弹见置顶（第二弹你们自己翻翻吧（下次更新非系列，但不知道是什么时候嘻嘻（祝你们本周愉快，爱你们嗷[飞吻 秒拍视频 .
http://m.weibo.com/2460997447/DbK1tCUUp,137373,36575,26515,01月05日 18:02?来自秒拍网页版,papi酱2016第一发――上海话＋英语第三弹。你，还记得，Sophie吗？（第一弹看置顶）（第二弹你们自己翻翻吧）（祝你们好心情～  秒拍视频 .
http://m.weibo.com/2460997447/DaYVexiuw,122225,41702,20099,2015-12-31 18:07:32?来自秒拍网页版,2015年末，2016年前，来自papi酱的，一发心灵鸡汤。就是喜欢传递正能量[微笑（我就不赶着零点了。视频灵感来源――我小时候经常对我爸妈说，等我长大之后有钱了，就给你们买这买那。后来我才明白，长大和有钱之间，并没有关系。（欢迎大家随手转发正能量！！！ 秒拍视频 .
http://m.weibo.com/2460997447/Day9M4Yuc,110892,15168,22182,2015-12-28 21:59:12?来自秒拍网页版,papi酱观后感之《恶棍天使》。无字幕的部分请大家不要过分解读，我说的是“都是亚克西”。（下次更新还是会在2016年前。（早点休息啊各位。 秒拍视频 .
http://m.weibo.com/2460997447/D9XpItBcA,108661,19290,11919,2015-12-25 00:26:50?来自秒拍客户端,愤怒的papi酱――12月25号。（我知道你们都没睡！（本想站在12月24号的尾巴上发的，奈何网速不给力。very伐开心。秒拍视频（使用#秒拍#录制）
http://m.weibo.com/2460997447/D9Lxu3JrW,66413,8713,11032,2015-12-23 18:13:01?来自秒拍网页版,papi酱的圣诞特别节目――圣诞节，你真的了解吗？一个简单的科普节目，带你走进圣诞背后不为人知的故事。（祝大家圣诞快乐～ （本视频无关宗教（下次更新会在2016年前，叽叽。  秒拍视频 .
http://m.weibo.com/2460997447/D99QHpb41,75837,11666,12711,2015-12-19 18:15:58?来自秒拍网页版,［2015年度十大烂片最权威、最专业的点评！！盒盒，烂片？明明是你们看不懂好吗？！你从未见过，如此专业的影评。（周末愉快啦）（下次更新会在圣诞节前）微信订阅：dapapi 秒拍视频 .
http://m.weibo.com/2460997447/D8oEmrY3A,113236,23926,18421,2015-12-14 18:06:29?来自秒拍网页版,papi酱这辈子做梦都想说的话。啊这就是我的中！国！梦！看完你就会发现，我确实是一个有理想有追求的好青年！另外视频中可能乱入了一些片段，我完全不知道是怎么回事！看不懂的盆友不要百度了。祝你们这周愉快啦各位！ 秒拍视频 .
http://m.weibo.com/2460997447/D7WjF2Gaj,67469,4434,5285,2015-12-11 17:58:34?来自秒拍网页版,看巴拉拉小魔仙有感――我也要做一名光荣的巴拉拉！警告，这不是演习，前方低能，非战斗人员迅速撤离。（周末愉快吧各位！下次更新应该在周一（如果在周二也没什么可意外的，毕竟我是一枚如此不羁的女子。 秒拍视频 .
http://m.weibo.com/2460997447/D7kIXod0l,89771,39386,44936,2015-12-07 18:16:31?来自秒拍网页版,【男性生存法则第二弹――当你的女朋友说：我，不，吃。其实她的意思是……】警告，本视频不代表所有女性，不针对所有男性。请大家和谐相处，共建美好社会。祝你们这周愉快！（多吃霾嗷么么哒（第一弹你们找找 秒拍视频 .
http://m.weibo.com/2460997447/D6qhKhNTI,60680,13713,12045,2015-12-01 18:35:39?来自秒拍网页版,不知道为毛上一条微博显示的是第一弹，来来来，这是第三弹！！！我重新传了一遍！！！台湾腔说东北话，第三弹，在！这！里！！！ 秒拍视频 .
http://m.weibo.com/2460997447/D6q8S4KUL,44227,9530,8630,2015-12-01 18:13:46?来自秒拍网页版,papi酱之【台湾腔说东北话第三弹】警告：本视频未变声，不喜欢就憋着！！【第一弹】戳→ 秒拍视频 【第二弹】戳→ 秒拍视频 祝你们2015年的最后一个月愉快！我去吸霾了~ 秒拍视频 .
http://m.weibo.com/2460997447/D5XP6wERo,80841,10383,8637,2015-11-28 18:08:11?来自秒拍网页版,papi酱带你2分钟看清娱乐圈。本视频不针对任何一个女明星，请粉丝不要对号入座。更不要打我。我是受中华人民共和国法律保护的！ 秒拍视频 .
http://m.weibo.com/2460997447/D5mq683GU,65742,29966,18605,2015-11-24 18:54:56?来自秒拍网页版,【上海话+英语第二弹】――愤怒指数提升85个百分点。 秒拍视频 .
http://m.weibo.com/2460997447/D4TB1d1uu,52938,272,1007,2015-11-21 17:32:11?来自iPhone 6 Plus,我的微信号是dapapi，但名字是papi。名字是papi！名字是papi！！！个人号，没有认证，大家加的时候看清楚。
http://m.weibo.com/2460997447/D4KDErop1,47951,4679,4763,2015-11-20 18:43:56?来自秒拍网页版,【只要你想，你也可以活在电影里】副标题为：世界欠我一个奥斯卡&一个自带BGM的我。（我才知道视频开通了打赏，但必须得是认证博主。就在刚才！我的认证过了哈哈哈哈哈！！我是不是下半个月不用吃土了！！！周末愉快啦各位！！！哈哈哈哈哈哈哈哈哈哈哈哈哈哈哈哈哈 秒拍视频 .
http://m.weibo.com/2460997447/D4zzWsKUu,26703,379,1020,2015-11-19 14:34:36?来自微博认证,我正在申请微博认证，认证信息为“中戏硕士在读”。请@许瑶璇 @霍泥芳 @文史_海巴子 转发此条微博帮我确认身份，多谢！！ 申请微博认证
http://m.weibo.com/2460997447/D4ru1kzvi,23670,207,1382,2015-11-18 17:58:02?来自iPhone 6 Plus,活在电影里的我――图1:电影开始5分钟死了的神秘&洋气の贵妇杀手（一个帽子好几百怎么不去抢钱啊！）图2:“哦我亲爱的彼德洛维奇，火车已经到了，然而我等的那个人一直没有来。”图3:这是个预告。周五出视频。（哎我说周五了？万一是周六呢？也可能是周四吧不晓得∠( ? 」∠)＿
http://m.weibo.com/2460997447/D4bkJ7eQ3,23945,132,847,2015-11-17 00:51:10?来自iPhone 6 Plus,我错了！！我再也不给你们发飞吻gif了！！！
http://m.weibo.com/2460997447/D4aHC1Adp,9986,56,418,2015-11-16 23:14:49?来自iPhone 6 Plus,好了我懂了！！！ 
http://m.weibo.com/2460997447/D48ESjwEy,78457,22866,20015,2015-11-16 18:02:35?来自秒拍网页版,你有酱婶儿的盆友吗之第二弹――有些人失恋，不要劝。亲身经历，全是泪。（我来更新啦，又是一个自己和自己玩得很开心的视频哈哈 （ps.谁更告诉我“素材管理”里的原创素材到底怎么发布啊？_(:з」∠)_我编辑完了之后发现自己不会发。。。 秒拍视频 .
http://m.weibo.com/2460997447/D3NbjEish,16704,125,174,2015-11-14 11:22:04?来自iPhone 6 Plus,分享图片
http://m.weibo.com/2460997447/D3GkSie0m,57906,9785,8835,2015-11-13 17:56:23?来自秒拍网页版,在刚刚过去的双11，你和你的钱包你的手你的购物车都还好吗！之后和我一起吃土吧！（都憋催！这不更新了吗！视频创意拍摄剪辑上传订阅号等等都只有我一个人在做，略忙不过来，但我每周都会保持更新量的，请继续支持我鼓励我保护我！ps.在被人搬运的视频下at原po我的，谢谢你们！ 秒拍视频
http://m.weibo.com/2460997447/D3edWymxJ,33536,1965,2087,2015-11-10 18:22:24?来自秒拍客户端,papi酱――提前送给单身的你几句暖心话。难得录温情的视频，给大家分享一些情感经验。我怕你们明天都去双十一了，所以现在发啦。[闭眼秒拍视频（使用#秒拍#录制）
http://m.weibo.com/2460997447/D34JsnARz,53940,17798,9944,2015-11-09 18:12:35?来自秒拍网页版,你的爱豆脱单了吗？谨以此献给所有如我一样的美少女追星族。（我来发视频了！感谢大家过去几天对我的资词与夜耐，射射你们！（媚眼 秒拍视频 .
http://m.weibo.com/2460997447/D2N2ZbokD,29035,4948,1778,2015-11-07 21:11:15?来自iPhone 6 Plus,“人在北京？伦敦音美音放回家，北京妹纸教你说正宗Jinglish(⊙ω⊙) ”秒拍视频（使用#秒拍#录制）
http://m.weibo.com/2460997447/D2LV6oy7E,77346,328,2604,2015-11-07 18:19:04?来自iPhone 6 Plus,台湾腔说东北话...竟然上热搜了。谢谢你们喜欢我（这样一个集美貌与智慧于一身的）女子。啧，我p图也是老牛比了。
http://m.weibo.com/2460997447/D2t91DZeA,73832,5636,10914,2015-11-05 18:31:12?来自秒拍网页版,我把《我是证人》给看了。对不起，要让你们失望了，这是一个正经的视频。真的。 秒拍视频 .
http://m.weibo.com/2460997447/D2abw0V1V,65901,31022,19614,2015-11-03 18:15:07?来自秒拍客户端,上海话 英语，大妈指数提升58个百分点！讲真，每次一说乡音觉得自己人格都变了噗秒拍视频（使用#秒拍#录制）
http://m.weibo.com/2460997447/D1HYNw4lc,36134,1580,1218,2015-10-31 18:26:52?来自秒拍客户端,讲真，还有什么比和中年妇女一起爬山更可怕的。秒拍视频（使用#秒拍#录制）
http://m.weibo.com/2460997447/D1Ht5CNzc,42700,148,612,2015-10-31 17:08:46?来自iPhone 6 Plus,你化不化妆都像鬼，我化不化妆都很美[爱你
http://m.weibo.com/2460997447/D1pJ09R9s,57620,8797,6314,2015-10-29 19:58:29?来自秒拍客户端,是时候让你们知道我英语歌唱得有多好了秒拍视频（使用#秒拍#录制）
http://m.weibo.com/2460997447/D16mDhRHP,82545,42339,27555,2015-10-27 18:41:13?来自iPhone 6 Plus,美女的烦恼你们根本就不懂 秒拍视频 .
http://m.weibo.com/2460997447/D0YjNgJdC,38738,734,1556,2015-10-26 22:12:16?来自iPhone 6 Plus,心有多大舞台就有多大！哪怕只是逛商场，也要假装自己正在莫斯科的红场！　
http://m.weibo.com/2460997447/D0N2Y9SMk,24835,1110,1040,2015-10-25 17:30:34?来自秒拍客户端,你行你唱！秒拍视频（使用#秒拍#录制）
http://m.weibo.com/2460997447/D0vN6FtXL,32276,2189,1763,2015-10-23 21:34:48?来自秒拍客户端,女人有一些想法我也是real不懂，real好siao秒拍视频（使用#秒拍#录制）
http://m.weibo.com/2460997447/D0bpduawZ,28089,2058,1802,2015-10-21 17:41:02?来自iPhone 6 Plus,民歌要义----满怀热情，面带微笑 秒拍视频 .
http://m.weibo.com/2460997447/CFQejagn7,35181,80,912,2015-10-19 18:14:56?来自iPhone 6 Plus,太美
http://m.weibo.com/2460997447/CFHnXzSsH,54918,368,3466,2015-10-18 19:44:00?来自iPhone 6 Plus,这件白衬衣，第一次穿，就死了……我再也不吃酸辣粉了
http://m.weibo.com/2460997447/CFxwsuTw4,20801,1113,905,2015-10-17 18:37:28?来自秒拍网页版,小咖秀之香港金曲2连发。真的，我这回特别走心地演绎了。尤其是一剪梅，几次都被自己感动。 秒拍视频 .
http://m.weibo.com/2460997447/CFnZPBNfr,43554,3096,3239,2015-10-16 18:22:21?来自秒拍客户端,上课！秒拍视频（使用#秒拍#录制）
http://m.weibo.com/2460997447/CF793CWzi,51094,239,2045,2015-10-14 23:28:24?来自iPhone 6 Plus,真正的猛士，就是敢于把自己脸p圆的人！
http://m.weibo.com/2460997447/CEMm5cT14,28035,5460,4548,2015-10-12 18:32:46?来自秒拍客户端,台湾话+东北话撕逼技能max秒拍视频（使用#秒拍#录制）
http://m.weibo.com/2460997447/CEkBl1JxH,53083,9998,7206,2015-10-09 19:53:27?来自秒拍网页版,优雅地品酒是步入上流社会的基本功。 秒拍视频 .
http://m.weibo.com/2460997447/CE1eFryqf,19782,1900,2130,2015-10-07 18:35:26?来自秒拍网页版,【小咖秀】爱国歌曲三连击。我的每一帧都美。如。画。 秒拍视频 .
http://m.weibo.com/2460997447/CDRgmotYt,27725,249,387,2015-10-06 17:12:08?来自iPhone 6 Plus,现在有很多年轻女孩每天就知道找个有钱人，物质！现实！让人难以理喻，简直是女性的耻辱！请大家跟我一样，做独立的女性！
http://m.weibo.com/2460997447/CDySdjGUW,14006,471,182,2015-10-04 18:23:12?来自iPhone 6 Plus,不是我...T_T
http://m.weibo.com/2460997447/CDfSxufKy,26084,1287,1214,2015-10-02 18:01:49?来自小咖秀,我自己和自己玩得也挺开心的，我不需要旅游玩耍美食[鼻涕（来自小咖秀）APP下载地址：http://t.cn/RL1tNRY 
http://m.weibo.com/2460997447/CDffg4ah4,11877,350,108,2015-10-02 16:25:01?来自iPhone 6 Plus,论中秋佳节之际，我为何依然在家死宅（眼角有泪
http://m.weibo.com/2460997447/CD6rvyhjm,21028,1250,1662,2015-10-01 18:00:28?来自秒拍客户端,国庆七天怎么过尔等想好了吗？我是这么打算的。大家假期快乐哦么么哒秒拍视频（使用#秒拍#录制）
http://m.weibo.com/2460997447/CCOuX4kre,22740,1599,1218,2015-09-29 20:19:32?来自微博 weibo.com,一个，实用的，化妆，教程。（真的）
http://m.weibo.com/2460997447/CCErKfWgd,86765,408,2892,2015-09-28 18:44:09?来自iPhone 6 Plus,谢谢大家的祝福[爱你
http://m.weibo.com/2460997447/CCCYcpVzf,22240,100,128,2015-09-28 14:58:38?来自iPhone 6 Plus,吼！我现在就差机票酒店和单反了！
http://m.weibo.com/2460997447/CCCsJjiii,7848,468,107,2015-09-28 13:41:06?来自iPhone 6 Plus,论中秋佳节之际，我为何依然在家死宅（眼角有泪
http://m.weibo.com/2460997447/CCur6F35d,24415,912,849,2015-09-27 17:15:08?来自iPhone 6 Plus,我旁友圈里出现了一个神经病。
http://m.weibo.com/2460997447/CCnuS1M63,12040,36,115,2015-09-26 23:35:10?来自iPhone 6 Plus,手画一枚月饼，祝大家月饼节快乐。我的作图水平差不多可以去投稿Jump了。
http://m.weibo.com/2460997447/CC3tkEfd1,13542,191,1176,2015-09-24 20:36:27?来自iPhone 6 Plus,一分钟前的我和一分钟后的我就是两道完全不同的风、景、线。
http://m.weibo.com/2460997447/CBJDHoVR5,38347,218,1431,2015-09-22 18:07:03?来自iPhone 6 Plus,讲真，我这种身材和长相，难道不是穿什么都好看么？
http://m.weibo.com/2460997447/CBBgWAOG6,37825,2069,3128,2015-09-21 20:49:00?来自iPhone 6 Plus,直男的审美我是真的不懂。科科。
http://m.weibo.com/2460997447/CBs9XqCXR,20776,538,618,2015-09-20 21:37:04?来自小咖秀,紫薇那个死丫头片子real烦人。（来自小咖秀）APP下载地址：http://t.cn/RL1tNRY 
http://m.weibo.com/2460997447/CB7YE3kbk,14591,4475,3339,2015-09-18 18:14:14?来自秒拍客户端,让我教你，如何像一个台湾人一样说东北话。How to speak 东北话 like a 台湾人？巴黎时装周的官方语言就是Dongbeinese Taiwanese，OK？ps.此二种语言叠加撕逼效果加成。[呵呵[呵呵[呵呵秒拍视频（使用#秒拍#录制）
http://m.weibo.com/2460997447/CAmEfmcCV,18504,2645,1727,2015-09-13 17:44:55?来自捡到的iPhone 6 Plus,录的时候满脑子B站鬼畜哈哈哈哈。快来看我最新的#小咖秀#，跟我一起做彼此的逗比！（来自小咖秀）APP下载地址：http://t.cn/RL1tNRY 
http://m.weibo.com/2460997447/CA3JucZdH,45263,3721,3886,2015-09-11 17:35:37?来自秒拍网页版,二连发――讲真，我觉得我就是顾里。真心的。 秒拍视频 .
http://m.weibo.com/2460997447/CA1KNCbFD,13035,780,718,2015-09-11 12:33:23?来自捡到的iPhone 6 Plus,一脸没睡好，怎么都不开心。（来自小咖秀） 
http://m.weibo.com/2460997447/CzVi960Tb,13656,1719,1878,2015-09-10 20:06:16?来自秒拍客户端,小咖秀----我真的是一点都不无聊科科[呵呵[呵呵[呵呵秒拍视频（使用#秒拍#录制）
http://m.weibo.com/2460997447/CzU9uagie,26050,2939,793,2015-09-10 17:12:13?来自捡到的iPhone 6 Plus,这是哪里[眼泪[眼泪是北京嘛
http://m.weibo.com/2460997447/CzKYJC0mK,12084,104,369,2015-09-09 17:51:00?来自iPhone 6 Plus,苦瓜，蔬果界的败类！！！
http://m.weibo.com/2460997447/Cz7LEkftE,23374,27064,5383,2015-09-05 14:01:38?来自微博 weibo.com,如果程上出F了只有你能看到的人-[笑cry已笑晕-#第 2场# 秒拍视频
http://m.weibo.com/2460997447/CyOb62zij,6168,5899,114,2015-09-03 12:09:23?来自iPhone 6 Plus,据说转发这条微博的今天会有好事发生，信不信由你，晚上记得来还愿。[甩甩手
http://m.weibo.com/2460997447/CyNnTmh9L,10493,18,490,2015-09-03 10:08:11?来自iPhone 6 Plus,啊！我眼泪要掉下来了！我一定不是一个人！
http://m.weibo.com/2460997447/CyKxz57b1,4528,290,199,2015-09-03 02:53:46?来自微博 weibo.com,事情发生于2015年1月19日，因我的女儿拒绝其男友复合的要求，被男友密谋将我女儿在其校内出租房内杀害，手段极其残忍，且杀人后立即逃逸，因我女儿窒息时间长达5小时以上导致脑细胞缺氧性死亡致其遭受重伤一级、伤残一级的特别严重残疾。 一位母亲的血泪控诉----女儿被男友谋杀致残
http://m.weibo.com/2460997447/CywMj7pbC,19108,1933,276,2015-09-01 15:51:38?来自iPhone 6 Plus,∠( ? 」∠)＿
http://m.weibo.com/2460997447/CxMDj35mI,45360,26031,33098,2015-08-27 18:23:05?来自秒拍客户端,超实用的男性生存法则！！！有没有觉得当女人说“没事”“没什么”的时候，就是一场吵架的开端？！而你要是连你女朋友为什么生气都不知道，你就准备死吧！！狗带！！看完你们会感谢我的[呵呵秒拍视频（使用#秒拍#录制）
http://m.weibo.com/2460997447/CxMC57RZG,7850,2353,2358,2015-08-27 18:20:04?来自秒拍客户端,“超实用的男性生存法则！！！有没有觉得当女人说“没事”“没什么”的时候，就是一场吵架的开端？！而你要是连你女朋友为什么生气都不知道，你就准备死吧！！狗带！！看完你们会感谢我的[呵呵”我的秒拍作品，一起来看~秒拍视频（使用#秒拍#录制）
http://m.weibo.com/2460997447/CxDR4bvX0,15029,44,689,2015-08-26 20:02:17?来自iPhone 6 Plus,今天的我，依然愁眉苦脸。
http://m.weibo.com/2460997447/Cxlzidhic,16091,3171,763,2015-08-24 21:29:03?来自小咖秀,累死我了，录的时候一不小心就自带东北话了??（来自小咖秀）APP下载地址：http://t.cn/RL1tNRY 
http://m.weibo.com/2460997447/CxcPHDtrn,14147,11035,1733,2015-08-23 23:14:46?来自iPhone 6 Plus,据说，这是喵星人最想封杀的一段视频！[喵喵秒拍视频
http://m.weibo.com/2460997447/CwZZVjv6p,28381,217,810,2015-08-22 14:34:14?来自iPhone 6 Plus,做女人，就要像我这么刚儿！！（废话我当然后悔了！！！！！
http://m.weibo.com/2460997447/CwA67boZZ,19424,769,1810,2015-08-19 20:38:02?来自秒拍客户端,“来自七夕前夕的一发怨念，呵呵祝你们七夕愉快呵呵呵呵呵呵”我的秒拍作品，一起来看~秒拍视频（使用#秒拍#录制）
http://m.weibo.com/2460997447/CwghRlHuw,14881,1019,1010,2015-08-17 18:12:02?来自秒拍客户端,我就奇了怪了，自拍怎么可以不加滤镜？！@霍泥芳秒拍视频（使用#秒拍#录制）
http://m.weibo.com/2460997447/Cw7fAsdJX,8364,327,208,2015-08-16 19:11:45?来自iPhone 6 Plus,假期作业一个字都写不出来，放假期间没有一天在中午之前起床，凌晨3点前一定不会睡觉，实习什么的完全不感兴趣，但我知道我是好姑娘。[微笑[微笑[微笑
http://m.weibo.com/2460997447/Cw6wzgGMo,5136,2962,467,2015-08-16 17:20:50?来自iPhone 6 Plus,dvd特典里的@段舞蹈最後的R^是正片里]有的 秒拍视频 .
http://m.weibo.com/2460997447/CvXmYd66k,12857,140,208,2015-08-15 18:02:28?来自iPhone 6 Plus,迷离の眼神，稀疏の胡茬子，谁能想到这名3岁的女猫，去年只是一枚2岁的女猫。
http://m.weibo.com/2460997447/CvW2c8g9z,5469,2279,366,2015-08-15 14:38:32?来自iPhone 6 Plus,#交通银行机器人交交#前两天疯传的交交机器人视频，是在交通银行内部微信群传播，确未证实该视频为吉林省分行所录，引起很多成都人士质疑。为此，今日去录了一段交交的新视频。此视频确为吉林省分行的交交，位于解放大路人民大街交汇。@长春赞 @长春西门大官人 @长春帮 秒拍视频 .
http://m.weibo.com/2460997447/CvGE69cG5,12985,28,260,2015-08-13 23:27:58?来自iPhone 6 Plus,我的粉丝里涌入了一群什么人？？她们是不是想让我做微商带我迅速致富成为白富美走上人生巅峰啊？？想想真是有点大激动呢！！
http://m.weibo.com/2460997447/CvERKjLmm,11029,975,136,2015-08-13 18:56:06?来自iPhone 6 Plus,“一个巴掌拍得不知道有多响。”
http://m.weibo.com/2460997447/CvlEwt1fr,17676,2862,3378,2015-08-11 18:01:19?来自秒拍客户端,今天教大家一个“和闺蜜合影时如何才能显得脸小”的心机小技巧。无比实用，包教包会，不用PS，你也能有瓜子脸～么么哒！@霍泥芳 [爱你[爱你[爱你秒拍视频（使用#秒拍#录制）
http://m.weibo.com/2460997447/CvlEs31IR,5922,736,846,2015-08-11 18:01:07?来自秒拍客户端,“今天教大家一个“和闺蜜合影时如何才能显得脸小”的心机小技巧。无比实用，包教包会，不用PS，你也能有瓜子脸～么么哒！@霍泥芳 [爱你[爱你[爱你”我的秒拍作品，一起来看~秒拍视频（使用#秒拍#录制）
http://m.weibo.com/2460997447/Cve4jvRkl,6708,213,128,2015-08-10 22:42:54?来自iPhone 6 Plus,说什么一无所有，你不是还有病吗？
http://m.weibo.com/2460997447/CvavhskjC,9327,241,180,2015-08-10 13:38:21?来自iPhone 6 Plus,“别看我我啥都没干”
http://m.weibo.com/2460997447/CuT0TlXDq,5550,146,202,2015-08-08 17:06:45?来自小咖秀,抽你丫挺的（来自秒拍视频） 
http://m.weibo.com/2460997447/CuKxwmkX8,17089,2536,2098,2015-08-07 19:32:23?来自秒拍客户端,今天给大家分享几个自拍的小技巧，男女老少弯直通用。不客气～[呵呵[呵呵[呵呵秒拍视频（使用#秒拍#录制）
http://m.weibo.com/2460997447/CuItQah4K,6251,91,205,2015-08-07 14:17:49?来自秒拍客户端,我又把偶像包袱捡回来了，科科秒拍视频（使用#秒拍#录制）
http://m.weibo.com/2460997447/CuAValfSj,7614,3874,517,2015-08-06 19:03:14?来自iPhone 6 Plus,桥本环奈的最新广告[萌这个时候应该这么说：日本Twitter已经转疯了！喜报！一千年才出一个的超级偶像桥本环奈的曼秀雷敦广告向世人展示了宅男女神的魅力.... http://t.cn/RLTXmCn .
http://m.weibo.com/2460997447/CuAaJDFu5,14449,2063,2113,2015-08-06 17:08:51?来自小咖秀,一个颜艺的我。（来自秒拍视频） 
http://m.weibo.com/2460997447/CuyowFG7N,5557,176,106,2015-08-06 12:37:19?来自iPhone 6 Plus,后方高能！@papi酱 我在@小咖秀APP 参加了#爆笑对嘴大赛#，向#快乐大本营#上的逗比男神女神们挑战！（来自秒拍视频）APP下载地址：小咖秀 
http://m.weibo.com/2460997447/CuqWJ07C5,8350,780,1183,2015-08-05 17:39:35?来自小咖秀,可云，一个普通的演技担当[害羞（来自秒拍视频） 
http://m.weibo.com/2460997447/CuhMPkKNl,5922,238,384,2015-08-04 18:20:28?来自秒拍客户端,叫我女王大人！！！秒拍视频（使用#秒拍#录制）
http://m.weibo.com/2460997447/CuhpkhKG7,4555,448,123,2015-08-04 17:22:36?来自iPhone 6 Plus,“日本の马桶盖，是在下输了！！！泥妹纸去日本，被自动感应马桶盖震惊，终于找到了大家抢购马桶盖的原因，于是在东京的酒店和马桶盖玩了一天[偷笑[偷笑@papi酱 抢购一个送你，你会玩一年吗？”我的秒拍作品，一起来看~秒拍视频（使用#秒拍#录制）
http://m.weibo.com/2460997447/Cu8VMF4V5,5902,182,67,2015-08-03 19:47:51?来自iPhone 6 Plus,@papi酱 我在@小咖秀APP 参加了#爆笑对嘴大赛#，向#快乐大本营#上的逗比男神女神们挑战！（来自秒拍视频）APP下载地址：小咖秀 
http://m.weibo.com/2460997447/CretjD0xc,7878,729,716,2015-07-15 16:23:16?来自微博 weibo.com,郭敬明我爱你！！！整个电影院的人都哭了！！太治愈了！！QAQ @papi酱 @霍泥芳 #看小时代4哭成狗# 秒拍视频 .
http://m.weibo.com/2460997447/Cr7ZdxIw1,5524,12,379,2015-07-14 23:52:39?来自iPhone 6 Plus,我是真的爱小四啊( ??? ? ??? )
http://m.weibo.com/2460997447/Cr5nwprUO,5939,1399,874,2015-07-14 17:14:17?来自iPhone 6 Plus,你的男朋友为什么不理你？∠( ? 」∠)＿秒拍视频（使用#秒拍#录制）
http://m.weibo.com/2460997447/CqVj1uFE1,1786,860,210,2015-07-13 15:35:44?来自iPhone 6 Plus,郭敬明我爱你！！！整个电影院的人都哭了！！太治愈了！！QAQ @papi酱 @霍泥芳 #看小时代4哭成狗# 秒拍视频 .
http://m.weibo.com/2460997447/CqNh1vLB0,1977,1023,407,2015-07-12 19:08:50?来自iPhone 6 Plus,郭敬明我爱你！！！整个电影院的人都哭了！！太治愈了！！QAQ @papi酱 @霍泥芳 #看小时代4哭成狗# 秒拍视频 .
http://m.weibo.com/2460997447/CpzCl9pUZ,5627,646,243,2015-07-04 18:32:35?来自iPhone 6 Plus,对！
http://m.weibo.com/2460997447/Coux4o3ol,17067,111,754,2015-06-27 15:45:34?来自iPhone 6 Plus,学生送的花[闭眼
http://m.weibo.com/2460997447/Co20m5CYJ,13287,40,509,2015-06-24 15:08:03?来自iPhone 6 Plus,今天之后就再也不做导演咯！
http://m.weibo.com/2460997447/Cny98s9hR,2977,350,69,2015-06-21 11:07:16?来自iPhone 6 Plus,一只女猫的自我修养[害羞好萌
http://m.weibo.com/2460997447/ClTjX402r,1696,37,61,2015-06-10 13:21:00?来自iPhone 6 Plus,无仁义的E还不如有仁义的A！！！！！
http://m.weibo.com/2460997447/ClKWHsFuD,1716,52,47,2015-06-09 16:01:45?来自微博 weibo.com,#papi漫画分享#一对双胞胎不仅是路痴，还是白痴。。。昨晚大半夜把我看精神了。。。嗯我笑点就是这么低。路痴真的没药医啊_(:з」∠)_
http://m.weibo.com/2460997447/CkSJDsOHw,7854,44,297,2015-06-03 22:01:14?来自iPhone 6 Plus,如果能在特长一栏里填“自拍”的话，我一定会填的...#瞎拍呗#
http://m.weibo.com/2460997447/CkGaQCN2O,8577,45,473,2015-06-02 14:02:33?来自iPhone 6 Plus,N久没来学校，人真少。
http://m.weibo.com/2460997447/Ck85dcmsq,4081,16,100,2015-05-29 23:15:17?来自iPhone 6 Plus,昨天去修刘海，完事儿我让理发师给我卷一个最近流行的low bob（是这么写么……），卷完后自我感觉high炸，问理发师能不能烫成这样，理发师说no，你的发质太好了，烫完很难看。虽然逻辑我不懂，但是心里很痛。于是这个头就变成一日限定了。五五五。
http://m.weibo.com/2460997447/CjV1Hhotc,4357,43,215,2015-05-28 14:00:55?来自iPhone 6 Plus,昨天去修刘海，完事儿我让理发师给我卷一个最近流行的low bob（是这么写么……），卷完后自我感觉high炸，问理发师能不能烫成这样，理发师说no，你的发质太好了，烫完很难看。虽然逻辑我不懂，但是心里很痛。于是这个头就变成一日限定了。五五五。
http://m.weibo.com/2460997447/Ci5rTnkUe,5527,24,208,2015-05-16 12:52:19?来自iPhone 6 Plus,大咪，你看我一眼呗T^T
http://m.weibo.com/2460997447/ChQyVhBvH,4198,8,122,2015-05-14 22:58:26?来自iPhone 6 Plus,哈哈哈哈哈哈宵夜高！！！
http://m.weibo.com/2460997447/ChNeDdgJP,6747,41,792,2015-05-14 14:30:12?来自iPhone 6 Plus,let's party！#逛商场就是要玩起来#
http://m.weibo.com/2460997447/C79vREgJH,4839,49,170,2015-03-05 14:59:45?来自iPhone 6 Plus,总算吃到红宝石的小方啦！！[草莓蛋糕
http://m.weibo.com/2460997447/C4RcF8ItZ,3274,49,116,2015-02-18 12:42:23?来自iPhone 6 Plus,大家新年快乐呀！
http://m.weibo.com/2460997447/BDeguuVxl,4965,24,205,2014-12-30 15:11:02?来自iPhone 5s,一个人吃一盆～好开心啊
http://m.weibo.com/2460997447/BzMLbAklE,4443,22,111,2014-12-07 23:38:50?来自iPhone 5s,COSTA的新杯子好可爱～
http://m.weibo.com/2460997447/Bym6D5LyA,2657,20,124,2014-11-28 13:57:11?来自iPhone 5s,( ′???` )
http://m.weibo.com/2460997447/BvC8s7JAC,2127,14,79,2014-11-10 13:14:43?来自iPhone 5s,明天就能剁手了！！好激动！！
http://m.weibo.com/2460997447/BuH8HgLfF,8727,61,838,2014-11-04 12:08:45?来自iPhone 5s,打点了好开心！！！
http://m.weibo.com/2460997447/BtFI2zx3U,1719,7,64,2014-10-28 18:40:02?来自iPhone 5s,百草同学看得我胃口越来越好了
http://m.weibo.com/2460997447/BqNVo1WhW,5129,43,406,2014-10-09 22:03:58?来自iPhone 5s,大！能！猫！
http://m.weibo.com/2460997447/BqBgkgflu,3484,155,49,2014-10-08 13:49:50?来自iPhone 5s,最近，挪威一个12岁的女孩，决定要嫁给一个37岁的大叔.. 成为挪威第一例童婚.. 这个事情瞬间激起民愤，震撼了整个挪威... 可是，当她说出背后真正的原因.......
http://m.weibo.com/2460997447/Bmcfk1XxK,320,2644,收藏,2014-09-09 14:47:29?来自iPhone客户端,开学了～
http://m.weibo.com/2460997447/Bm5LHsCmF,869,110,38,2014-09-08 22:18:01?来自微博手机版,『银魂』连载10周年纪念，官网放出的纪念头像... y魂 Bd10周年突破念！名言アンケ`ト|集英社『L刊少年ジャンプ』公式サイトshonenjump.com
http://m.weibo.com/2460997447/Bm5eC8YWG,5,45,收藏,2014-09-08 20:56:31?来自iPhone客户端,中秋快乐～
http://m.weibo.com/2460997447/BlKb945Hq,100,254,收藏,2014-09-06 15:20:16?来自iPhone客户端,干酪鱼！这个东西超好吃！！ 
http://m.weibo.com/2460997447/BlifS4tOW,3283,81,117,2014-09-03 16:15:01?来自微博手机版,看看别人家的军训[拜拜今年中戏军训的照片整理！
http://m.weibo.com/2460997447/BkHF5gefB,409,74,收藏,2014-08-30 19:05:30?来自iPhone客户端,骗局。。和事情里的姑娘电话联系过后。对方说完全不知道怎么回事。电话也畅通无阻。。这人说的真的是很让人着急。。因为最近有女学生失踪？可这男的竟然能查到我的电话号码 还知道我具体哪天给姑娘发的短信和内容。。。买家和卖家都注意点吧。。可怕。。。
http://m.weibo.com/2460997447/BkouQ3mGT,202,4253,收藏,2014-08-28 18:18:04?来自iPhone客户端,上海好棒(￣￣)
http://m.weibo.com/2460997447/BjNMZznJ1,3,71,收藏,2014-08-24 20:51:10?来自iPhone客户端,这大暴雨...回不去啦！！！
http://m.weibo.com/2460997447/Bjccu7nvr,39,348,收藏,2014-08-20 21:09:35?来自iPhone客户端,给大家欣赏一下我父亲的摄影作品...
http://m.weibo.com/2460997447/Bi5kSrGhg,58,517,收藏,2014-08-13 13:50:44?来自iPhone客户端,美图手机真心疟！自拍狂魔必备！
http://m.weibo.com/2460997447/BhbKZeLj9,30,141,收藏,2014-08-07 16:21:14?来自iPhone客户端,今天立秋啊？应该吃些啥啊？？
http://m.weibo.com/2460997447/BgJj9rSEM,22,186,收藏,2014-08-04 15:55:45?来自iPhone客户端,昨天和老胡特别想吃蛋糕，于是上网搜罗了一圈，定了个蛋糕...
http://m.weibo.com/2460997447/BfXm0bkcl,14,200,收藏,2014-07-30 13:50:55?来自iPhone客户端,科目四我来了！！！
http://m.weibo.com/2460997447/BfWCDEOvO,32,170,收藏,2014-07-30 11:59:10?来自iPhone客户端,科目四我来了！！！
http://m.weibo.com/2460997447/BfReDgue2,4,56,收藏,2014-07-29 22:16:16?来自iPhone客户端,Ran Taniguchi
http://m.weibo.com/2460997447/BfEOP8mzn,16,103,收藏,2014-07-28 14:39:44?来自iPhone客户端,科目三我来了！！！
http://m.weibo.com/2460997447/BfDlMhIj4,36,218,收藏,2014-07-28 10:55:26?来自iPhone客户端,科目三我来了！！！
http://m.weibo.com/2460997447/Be8G7ANbj,13,54,收藏,2014-07-18 15:00:06?来自iPhone客户端,一会考科目二了，好紧张...
http://m.weibo.com/2460997447/Be7OYhmCQ,20,88,收藏,2014-07-18 12:49:09?来自iPhone客户端,一会考科目二了，好紧张...
http://m.weibo.com/2460997447/BdPAZ8cNb,1148,438,406,2014-07-16 14:25:14?来自分享按钮,555555555555好听哭【Live】KinKi Kids 雪白之月 中日字幕   UP主：Amor_Kun 【Live】KinKi Kids 雪白之月 中日字幕 
http://m.weibo.com/2460997447/BdHxkmPij,18,217,收藏,2014-07-15 17:54:16?来自iPhone客户端,看戏去看戏去
http://m.weibo.com/2460997447/BdxUkoEoH,858,41,46,2014-07-14 17:23:28?来自分享按钮,【小黄人之歌】Happy 日本版 Pharrell Williams   UP主：重口味椰子 【小黄人之歌】Happy 日本版 Pharrell Williams 
http://m.weibo.com/2460997447/Bdtc0oPmo,3,71,收藏,2014-07-14 05:23:17?来自iPhone客户端,话说回来，这个解说蛮好的
http://m.weibo.com/2460997447/BdsVbjkMB,106,118,收藏,2014-07-14 04:41:50?来自iPhone客户端,从这张图可以明显看出，梅西的节奏完全有别于正常人类。
http://m.weibo.com/2460997447/BdjlDD4w8,1,50,收藏,2014-07-13 04:19:33?来自iPhone客户端,巴西废掉了
http://m.weibo.com/2460997447/BcS0BCcRz,52,132,收藏,2014-07-10 06:43:34?来自iPhone客户端,梅西你怎么那！么！牛
http://m.weibo.com/2460997447/BcR8kgwfr,269,353,收藏,2014-07-10 04:29:49?来自iPhone客户端,我只支持梅西...
http://m.weibo.com/2460997447/BcIba8Oil,2,42,收藏,2014-07-09 05:42:06?来自iPhone客户端,这是屠杀啊！！！
http://m.weibo.com/2460997447/BcHMxBT3n,4,65,收藏,2014-07-09 04:41:27?来自iPhone客户端,巴西队加油！来2个三分球就反超了！！
http://m.weibo.com/2460997447/BcHInCSmN,3,72,收藏,2014-07-09 04:31:11?来自iPhone客户端,oh my god！！！5：0！！！
http://m.weibo.com/2460997447/Bck6Yf3iW,5,35,收藏,2014-07-06 16:25:51?来自iPhone客户端,《末日》，望月峰太郎。
http://m.weibo.com/2460997447/BbCXSqbls,1,56,收藏,2014-07-02 02:35:20?来自iPhone客户端,瑞士的门将要不要这么萌！
http://m.weibo.com/2460997447/BbyYKyOWA,24,26,收藏,2014-07-01 16:26:30?来自iPhone客户端,虽然我们在长白山已经扎根了12年，但依旧会被这里大美的风光所深深震撼。农夫山泉抚松工厂专门修建了百米高的t望塔。站在顶上，可以看到白雪覆盖的主峰天池，可以看到连绵不绝的林海，可以看到林海里雪藏的地下涌泉。过段时间，我们将组织消费者实地寻源，请关注我们，关注#美丽的中国，美丽的水#。
http://m.weibo.com/2460997447/BbjNPBO4Q,0,62,收藏,2014-06-30 01:48:23?来自iPhone客户端,卧槽！！！进了！！！
http://m.weibo.com/2460997447/BbaPKdngx,1,54,收藏,2014-06-29 02:58:22?来自iPhone客户端,哦智利！哦智利！！
http://m.weibo.com/2460997447/BaKeMFFJa,0,54,收藏,2014-06-26 07:15:55?来自iPhone客户端,早上4点起，现在感觉自己猛猛的！
http://m.weibo.com/2460997447/Ba6pzt2H4,0,40,收藏,2014-06-22 01:52:37?来自iPhone客户端,太可惜了.......
http://m.weibo.com/2460997447/Ba6mp0apm,0,36,收藏,2014-06-22 01:44:48?来自iPhone客户端,都开始为伊朗加油了！
http://m.weibo.com/2460997447/B9lcviUND,5,54,收藏,2014-06-17 01:41:19?来自iPhone客户端,啊啊啊啊啊啊啊啊啊！！！我买的3：0啊！！！！！！！！！
http://m.weibo.com/2460997447/B8Kye9uYg,7,218,收藏,2014-06-13 04:23:12?来自iPhone客户端,看球？
http://m.weibo.com/2460997447/B8dgTB2Vb,1377,205,98,2014-06-09 15:39:52?来自分享按钮,Hot Fuzz 全片无尿点，笑死了
http://m.weibo.com/2460997447/B7szNxuAV,12,215,收藏,2014-06-04 16:47:20?来自iPhone客户端,哥斯拉！！！
http://m.weibo.com/2460997447/B7aOI4Wg3,10,83,收藏,2014-06-02 19:34:37?来自iPhone客户端,在饭店听到一首英语老歌，回想到小时候拿着一个老旧的walkman反复听着爸爸抽屉里的英语歌磁带，当时的爸爸应该也是那个时代的潮人吧？那么年轻就有了我，就这么做起了父亲，送我上下学，看着我练萨克斯。一晃眼我都比我爸有我那会大了。端午节快乐爸[爱你@文史_海巴子 
http://m.weibo.com/2460997447/B6ofYt6bG,10980,10784,收藏,2014-05-28 15:57:12?来自iPhone客户端,一眨眼就成已婚妇女了
http://m.weibo.com/2460997447/B6o1oiF2a,1129,26,143,2014-05-28 15:21:16?来自美拍,我刚拍了一段MV，点开看看>>美拍（通过 #美拍# 录制）
http://m.weibo.com/2460997447/B5Mgw6uFY,34,84,收藏,2014-05-24 15:14:08?来自iPhone客户端,宇多田光宣布结婚
http://m.weibo.com/2460997447/B3QyNow00,5,619,收藏,2014-05-11 22:29:34?来自iPhone客户端,你们就今天知道自己有妈吧？
http://m.weibo.com/2460997447/B2rhNtCKZ,8,111,收藏,2014-05-02 16:18:43?来自iPhone客户端,今天南锣的人疟了
http://m.weibo.com/2460997447/B210l7SpO,28,455,收藏,2014-04-29 21:24:17?来自iPhone客户端,又他娘的过敏了
http://m.weibo.com/2460997447/B1vhO77Hc,86,327,收藏,2014-04-26 12:39:25?来自iPhone客户端,粗来
http://m.weibo.com/2460997447/AFECxhB3s,2,62,收藏,2014-04-14 15:13:04?来自iPhone客户端,哦耶100分！！（R?Q）
http://m.weibo.com/2460997447/AFvJzcABX,10,76,收藏,2014-04-13 16:35:40?来自iPhone客户端,为明天做好准备！！
http://m.weibo.com/2460997447/ADFaiF89r,16,92,收藏,2014-04-01 12:55:39?来自iPhone客户端,富江么么哒！！
http://m.weibo.com/2460997447/ADdcwC4Un,79,426,收藏,2014-03-29 13:44:13?来自iPhone客户端,多可爱[酷
http://m.weibo.com/2460997447/AD3CMv5oH,24,29,收藏,2014-03-28 13:21:25?来自iPhone客户端,#收集北京PM2.5#给戴口罩的人们，给在户外奔忙的人们：这是今天一天收集的的北京雾霾颗粒，有复合体，有生物颗粒，有矿物质的，各种各样。显微镜1000倍（目视）拍摄，最后一张是250倍拍摄。
http://m.weibo.com/2460997447/ACKHI9FRB,31,226,收藏,2014-03-26 13:11:23?来自iPhone客户端,剃完小咪血槽就空了...大咪！我们择日再战！！！
http://m.weibo.com/2460997447/ABGcssm7T,33,45,收藏,2014-03-19 11:53:05?来自iPhone客户端,《声之形》强烈推荐
http://m.weibo.com/2460997447/ABqR94Li8,12,102,收藏,2014-03-17 20:49:23?来自iPhone客户端,小咪你为何这么萌
http://m.weibo.com/2460997447/Az1MFvgIu,3,21,收藏,2014-03-02 01:19:05?来自iPhone客户端,这个时候，大家千万不要去骂自己的同胞，毕竟是极少数人的恐怖行为。而且肯定是有组织有预谋的，请大家理性看待这种恐怖事件，他们的目的就是让民族反目，制造分裂。
http://m.weibo.com/2460997447/AyZKKBnjl,29,673,收藏,2014-03-01 20:08:52?来自iPhone客户端,水烟炒鸡有意思
http://m.weibo.com/2460997447/AvEmNF0G9,4,68,收藏,2014-02-07 20:11:15?来自iPhone客户端,再胖它个十斤！
http://m.weibo.com/2460997447/AvuqfCXB7,4,72,收藏,2014-02-06 18:52:18?来自iPhone客户端,胖它个十斤！
http://m.weibo.com/2460997447/AuxYqhtbk,2,95,收藏,2014-01-31 14:04:25?来自iPhone客户端,我侄女炒鸡可爱！！（R?Q）
http://m.weibo.com/2460997447/Aus6k9sXr,208,312,收藏,2014-01-30 23:07:23?来自iPhone客户端,董卿上演宫心计，一句“你也是属马的”当场揭穿了苏菲玛索的年龄，但苏菲玛索年轻时至少绝美过啊！
http://m.weibo.com/2460997447/ApeogfCvu,29,433,收藏,2013-12-27 15:01:37?来自iPhone客户端,好久没臭美了[闭眼
http://m.weibo.com/2460997447/AojgQb23O,12,73,收藏,2013-12-21 13:36:46?来自iPhone客户端,总算能有一天时间让我呆在家里了...
http://m.weibo.com/2460997447/Al7cOAiZU,3,94,收藏,2013-11-30 13:22:59?来自iPhone客户端,来跟阿姨亲亲
http://m.weibo.com/2460997447/AkERDkugP,216,129,收藏,2013-11-27 13:13:52?来自iPhone客户端,“冷静下来仔细想想，我想要的只是荣华富贵而已。”
http://m.weibo.com/2460997447/AidNH4sP0,5,79,收藏,2013-11-11 12:39:25?来自iPhone客户端,买超了...我这个贱手啊！！！
http://m.weibo.com/2460997447/Ai3Jv5aNM,20,382,收藏,2013-11-10 11:01:36?来自iPhone客户端,难得休息一天～
http://m.weibo.com/2460997447/AgSSouO6m,9,60,收藏,2013-11-02 17:33:00?来自iPhone客户端,小咪好可爱呀！(((o(*??*)o)))
http://m.weibo.com/2460997447/AfOTvwUu5,3,178,收藏,2013-10-26 17:34:27?来自iPhone客户端,北京的妹子有人想陪我去吃牛蛙吗！！！
http://m.weibo.com/2460997447/AdzgIppOJ,4,36,收藏,2013-10-11 22:07:03?来自iPhone客户端,我下次回上海要问你把kinki的演唱会统统拷过来！！！[抓狂[抓狂[抓狂@谢小菲lexi 
http://m.weibo.com/2460997447/Ad7e5tQVW,3,37,收藏,2013-10-08 22:43:39?来自iPhone客户端,准备回昌平了[手掌
http://m.weibo.com/2460997447/Ad4lLlFZE,12,105,收藏,2013-10-08 15:24:19?来自iPhone客户端,准备回昌平了[手掌
http://m.weibo.com/2460997447/AcsGnBC7L,52,153,收藏,2013-10-04 15:30:46?来自iPhone客户端,呜哇....帅哭了...我爱死51了现在@谢小菲lexi 
http://m.weibo.com/2460997447/AbZUjbgef,22,236,收藏,2013-10-01 14:15:25?来自iPhone客户端,携冰冰祝大家国庆快乐！！
http://m.weibo.com/2460997447/AaL4cFey6,1,41,收藏,2013-09-23 10:38:18?来自iPhone客户端,好冷啊好冷啊好冷啊！！！！！
http://m.weibo.com/2460997447/A9qctbfPv,2,87,收藏,2013-09-14 15:40:38?来自iPhone客户端,开学好累。。。(′?_?`)
http://m.weibo.com/2460997447/A7rfX4RMr,3076,91,130,2013-09-01 14:41:23?来自微博 weibo.com,昨天去吃饭，路过一家馆子门口，一个女孩（目测30+）坐在地上一边打电话一边大哭，旁边坐了一个老头。老头说：别打了，有什么的！爸在呢，怕什么！女孩还是不停地哭，老头摸摸女孩的头，说：咱不哭了，爸在呢，爸陪着你呢啊，不哭了。当时我眼泪就要下来了。
http://m.weibo.com/2460997447/A4A6f0JPQ,12,85,收藏,2013-08-13 19:41:17?来自iPhone客户端,七夕晚餐?经济实惠又好吃！#全家便利店真是这个世界上最好的东西#
http://m.weibo.com/2460997447/A4yywAkrT,596,2,63,2013-08-13 15:45:28?来自微博 weibo.com,今天晚上必、肯、麦点哪一个好呢~！真是一个完美的七夕啊~(sF□′)s喋擤ォ
http://m.weibo.com/2460997447/A3mHkoOuD,2,98,收藏,2013-08-05 19:43:53?来自iPhone客户端,每次离开大阿姨家都会说＂大阿姨再会＂，以后再也没得说了，再也＂会＂不着了。最后说一次＂大阿姨再会＂。我会想你的。下辈子要过快乐、轻松、没有病痛的好日子。
http://m.weibo.com/2460997447/A2JN93O4d,118,56,收藏,2013-08-01 16:41:05?来自iPhone客户端,犯罪心理（CM）里有一集，说父亲带着孩子到商场，让孩子假装走失，遇到好心的妇女就上前哭诉，说和爸爸约好到楼梯间汇合，请求妇女带自己去。于是无数的妇女被杀害了。所以说，有事找警察。永远不要因为任何理由跟随任何人去独处的指定地点，你不知道那里有什么等着你。#行善要以保证生命安全为大前提#
http://m.weibo.com/2460997447/A2JMMjLCw,3,59,收藏,2013-08-01 16:40:11?来自iPhone客户端,真是让人感动的要哭了！！
http://m.weibo.com/2460997447/A1EwUpIG9,18,141,收藏,2013-07-25 13:27:03?来自iPhone客户端,我快化掉了。。。上海热得有点过分啊。。。这个棒冰谁知道？小时候贪凉一天吃了6、7根，晚上急性肠胃炎这种事情我会随便告诉你吗？！
http://m.weibo.com/2460997447/A0r1NDeCE,4,90,收藏,2013-07-17 13:14:23?来自iPhone客户端,自从回上海到现在，我妈天天说我大腿粗。不高兴了，我要跟我妈分手！！(T ^ T)
http://m.weibo.com/2460997447/zFWAVwBtA,29,44,收藏,2013-07-14 14:14:15?来自iPhone客户端,有些人的问题很好解决又很难解决。因为他们只有一个问题，那就是智商问题。
http://m.weibo.com/2460997447/zFVWtoH2J,590,184,收藏,2013-07-14 12:34:34?来自iPhone客户端,堂本光一好帅啊！！！！！好想嫁啊！！！！
http://m.weibo.com/2460997447/zFuuA9WXV,5,60,收藏,2013-07-11 14:41:41?来自iPhone客户端,哈哈哈哈哈上海热死了我打算收拾收拾回北京了哈哈哈哈哈哈
http://m.weibo.com/2460997447/zESRy3J3G,6,77,收藏,2013-07-07 14:53:54?来自iPhone客户端,想回上海。不想回上海。想回上海。不想回上海。想回上海。不想回上海。想回上海。不想回上海。啊啊啊啊啊我到底什么时候回上海比较好啊。。。。。。
http://m.weibo.com/2460997447/zC9w6Bxrd,6,43,收藏,2013-06-19 15:46:52?来自iPhone客户端,是的。
http://m.weibo.com/2460997447/zC0iF6s6A,20,85,收藏,2013-06-18 16:18:59?来自iPhone客户端,有着4只咪咪的咖啡馆。在北京的同学可以去玩玩?地址在中央戏剧学院（东二环本部校区）大门正对面，店名忘记啦！(￣￣)
http://m.weibo.com/2460997447/zBQ9tnqM8,2777,384,80,2013-06-17 14:28:55?来自微博 weibo.com,正常死亡和自杀的区别是：前者是和过去永别。后者是和未来永别。（via豆瓣“柚子先生”）
http://m.weibo.com/2460997447/zBPZqf09W,18,47,收藏,2013-06-17 14:04:08?来自iPhone客户端,我也想生活在这样的小镇上[呵呵
http://m.weibo.com/2460997447/zBKwe5NwN,129,208,收藏,2013-06-17 00:08:29?来自iPhone客户端,就是这个！！啊啊吃在嘴里是初恋的味道！不，比初恋还要美好！！@可乐酱要努力赚钱  虽然外型有点糟糕，但是内在却是赛高！！
http://m.weibo.com/2460997447/zBKen6THB,396,5,26,2013-06-16 23:24:32?来自微博 weibo.com,减肥这种东西，在我这个年龄，就不要太在意了。。。_(:з」∠)_减不掉就是减不掉，还不如开开心心地吃呢！
http://m.weibo.com/2460997447/zBK1Zq6V5,711,29,83,2013-06-16 22:53:59?来自微博 weibo.com,减肥这种东西，在我这个年龄，就不要太在意了。。。_(:з」∠)_减不掉就是减不掉，还不如开开心心地吃呢！
http://m.weibo.com/2460997447/zByswF314,170,88,收藏,2013-06-15 17:26:23?来自iPhone客户端,＂钱买不到幸福＂----真是这几个世纪以来最傻逼的谎话了(′?_?`)
http://m.weibo.com/2460997447/zBnJuxVqi,2372,455,164,2013-06-14 14:08:02?来自微博 weibo.com,经过这几年的锤炼，我发现一个道理，最难过的时候，最难过的事，不要对任何人说。没有人能做到真正感同身受。对别人说你的痛苦，只是给别人也同样造成了负担而已。
http://m.weibo.com/2460997447/zzIyzrkdv,679,2,105,2013-06-03 15:28:10?来自微博 weibo.com,家里停热水，赶上来例假，每天去朋友家蹭澡。热水之神，请快点赐福于我吧！！ToT
http://m.weibo.com/2460997447/zxT9OxijU,4,27,收藏,2013-05-22 14:46:47?来自iPhone客户端,你们理解我这种过去只穿XS/S，现在只能穿M号的人的心情吗！！！
http://m.weibo.com/2460997447/zxSIlAUie,653,21,122,2013-05-22 13:39:05?来自微博 weibo.com,你们理解我这种过去只穿XS/S，现在只能穿M号的人的心情吗！！！
http://m.weibo.com/2460997447/zwJ6KBMYl,488,14,87,2013-05-14 23:21:25?来自微博 weibo.com, #日本代购# 之前po的强劲瘦脸霜~有妹纸po强力feedback了。日本检控很严格，什么刺激阿，过敏阿，防腐剂阿，都浮云！
http://m.weibo.com/2460997447/zvD9Mh28a,447,5,48,2013-05-07 18:22:08?来自微博 weibo.com,这才是人生啊???
http://m.weibo.com/2460997447/zvCuPrU72,21,138,收藏,2013-05-07 16:41:15?来自iPhone客户端,这才是人生啊???
http://m.weibo.com/2460997447/zv38mgy49,493,3,49,2013-05-03 22:39:43?来自微博 weibo.com,给你们见识见识什么叫大大的小西红柿[番茄[番茄[番茄
http://m.weibo.com/2460997447/zv16rqeo6,7,85,收藏,2013-05-03 17:29:32?来自iPhone客户端,给你们见识见识什么叫大大的小西红柿[番茄[番茄[番茄
http://m.weibo.com/2460997447/zuRDbbXKP,132,563,收藏,2013-05-02 17:22:43?来自iPhone客户端,昨天老婆回家了，我一个人跟我家的小狗为伴，到了晚上1点多分的时候，我家小狗突然对着窗户叫，我看见了，就拍下来了'然后发给我老婆看，纯属好玩的，然后我老婆说看见什么了，我以为她吓我没理她，结果她今天回来把图放大给我看，然后我看见了………好恐怖！图是照的，p图死全家
http://m.weibo.com/2460997447/zuQdAzyrX,334,27,35,2013-05-02 13:46:56?来自微博 weibo.com,#日本代购#夏天，甜品，冰饮，吃吧吃吧不怕胖！fancl热量控制片，外出就餐必备！有效控制热量。吃不胖的秘密就在这里！！方便随身携带，夏天，美食和好身材同在！！私信或者微信：ribendaigou78
http://m.weibo.com/2460997447/zuf3ZbsWB,579,4,69,2013-04-28 15:11:38?来自微博 weibo.com,我已然从便秘发展成拉肚子了。。。。人生真是阴晴不定呐。。_(:з」∠)_
http://m.weibo.com/2460997447/ztLIA0B9O,4,60,收藏,2013-04-25 12:29:14?来自iPhone客户端,啊啊啊又开始飘杨絮柳絮了，又出不了门了啊啊啊啊啊啊！！！！！555555555555555[泪[泪[泪[泪[泪
http://m.weibo.com/2460997447/zt5HysjAk,57,29,收藏,2013-04-21 01:31:21?来自iPhone客户端,道德，崇高，牺牲，这些更应该是向内，向己的约束，而不要轻易指向他人。大道不行，各尽本分，若能做到后面四个字，其实已经是很棒的社会状态。
http://m.weibo.com/2460997447/zrOmwbmX3,5,99,收藏,2013-04-12 15:32:31?来自iPhone客户端,倒数第四天。压根看不进去书了。。。
http://m.weibo.com/2460997447/zpGj7qjpI,11,114,收藏,2013-03-29 15:21:32?来自iPhone客户端,据说你们输入- 后 显示的第1个人一定是个漂亮妞！！你们敢不敢- 她出来！！（转）
http://m.weibo.com/2460997447/zosCtzRYH,7,30,收藏,2013-03-21 14:40:30?来自iPhone客户端,我想拥有的2种超能力：瞬间转移，5次回到过去的机会。你们呢？
http://m.weibo.com/2460997447/zosmGkSqy,31,102,收藏,2013-03-21 14:01:34?来自iPhone客户端,我想拥有的2种超能力：瞬间转移，5次回到过去的机会。你们呢？
http://m.weibo.com/2460997447/zojUM5c82,3,62,收藏,2013-03-20 16:30:50?来自iPhone客户端,我打算：1.留长发；2.考完试开网店卖衣服。嘛，能做到其中一点就很好了。。。
http://m.weibo.com/2460997447/zoiv3xF0n,19,194,收藏,2013-03-20 12:54:45?来自iPhone客户端,我打算：1.留长发；2.考完试开网店卖衣服。嘛，能做到其中一点就很好了。。。
http://m.weibo.com/2460997447/zo1SIjoNK,5,65,收藏,2013-03-18 18:36:19?来自iPhone客户端,上吐下泻发烧[生病我觉得我快不行了[生病[生病[生病
http://m.weibo.com/2460997447/znxXvmFfC,17,250,收藏,2013-03-15 14:25:43?来自iPhone客户端,这两天看破产姐妹看得我好想开店卖衣服。。。
http://m.weibo.com/2460997447/zneI0xdp6,14,427,收藏,2013-03-13 13:25:22?来自iPhone客户端,又到了每年一度的过敏季了。。。今年貌似尤其猛烈啊。。。
http://m.weibo.com/2460997447/zl7r2CJKt,876,734,415,2013-02-27 15:13:44?来自微博 weibo.com,松本润。。。好帅啊。。。ps。大家恭喜我bia~~~\(RQ)/~我即将进入新一轮暗无天日的复习了_(:з」∠)_
http://m.weibo.com/2460997447/zjUYZD0p4,270,19,35,2013-02-19 17:41:22?来自微博 weibo.com,唇炎的妹子不妨试试这个润唇膏，资生堂的，专治唇炎+口角炎。我春节期间代购的昨天到了，打算康复阶段用这个。淘宝有卖。[心
http://m.weibo.com/2460997447/zjMtMlX79,120,191,收藏,2013-02-18 20:02:29?来自iPhone客户端,唇炎的妹子不妨试试这个润唇膏，资生堂的，专治唇炎+口角炎。我春节期间代购的昨天到了，打算康复阶段用这个。淘宝有卖。[心
http://m.weibo.com/2460997447/zjA6snYa7,95,1010,收藏,2013-02-17 12:32:03?来自iPhone客户端,今天迎来了我26岁绳命中又一个18岁生日[哈哈愿大家平安、健康[心
http://m.weibo.com/2460997447/ziquluopc,0,38,收藏,2013-02-09 22:13:08?来自iPhone客户端,杂技这个东西太可怕了。。。
http://m.weibo.com/2460997447/zhjLZnv98,6,110,收藏,2013-02-02 15:17:04?来自iPhone客户端,唇炎又犯了 这玩意儿到底怎么治啊！！！
http://m.weibo.com/2460997447/zhbMi8oR6,425,4,44,2013-02-01 18:55:51?来自微博 weibo.com,刚才出去跟我阿玛吃晚饭，外面真心好暖和！！话说一回上海皮肤就变得贼好，每次都是，北京这个空气着实毁少女呢?ps。推荐一款梳子，各种不打结！特别牛逼！远离打结疼痛，重享幸福人生！
http://m.weibo.com/2460997447/zh3cmAou8,22,249,收藏,2013-01-31 21:05:20?来自iPhone客户端,刚才出去跟我阿玛吃晚饭，外面真心好暖和！！话说一回上海皮肤就变得贼好，每次都是，北京这个空气着实毁少女呢?ps。推荐一款梳子，各种不打结！特别牛逼！远离打结疼痛，重享幸福人生！
http://m.weibo.com/2460997447/zh18Sun6H,3,39,收藏,2013-01-31 15:51:17?来自iPhone客户端,上海好冷啊好冷啊好冷啊。。。陡然想到大学时候的绕口令了 真冷真冷真正冷冷冰冰人人都说冷猛地一阵冷风更冷。。。我会告诉你大一考试时老师就叫我一个人读了两遍吗？#上海人的前后鼻音伤不起##不过我现在已经无敌了#
http://m.weibo.com/2460997447/zfW9W8guX,0,23,收藏,2013-01-24 13:19:51?来自iPhone客户端,发烧了。。。好讨厌啊。。。T_T
http://m.weibo.com/2460997447/zfRf9FSg9,1,60,收藏,2013-01-24 00:49:00?来自iPhone客户端,发烧了。。。好讨厌啊。。。T_T
http://m.weibo.com/2460997447/zfOJ3sCWj,9,60,收藏,2013-01-23 18:24:22?来自iPhone客户端,都说好女不过百，今儿出门过了下秤，我马上就不是好女了，内心分外痛苦。。。
http://m.weibo.com/2460997447/zfvaUm0kg,402,275,51,2013-01-21 16:38:05?来自微博 weibo.com,小调查，你使用最多的4个百度相关产品是____、____、____、____，基本每天必用的。小编先来，@百度网页搜索 、@百度百科 、@百度知道 、@百度手机输入法 。你呢？[害羞
http://m.weibo.com/2460997447/zdm5WnLgh,3,20,收藏,2013-01-07 13:50:29?来自iPhone客户端,最后一门！！！
http://m.weibo.com/2460997447/zdc3zfMXf,8,58,收藏,2013-01-06 12:17:12?来自iPhone客户端,最后一门！！！
http://m.weibo.com/2460997447/zd570uFXN,4,34,收藏,2013-01-05 18:36:27?来自iPhone客户端,一直特喜欢你。。像个思春期小少女默默关注你好久。从豆瓣到博客。。本来想一直默默下去。。赶巧你今天考研。一定要蹦出来给你一点正能量！！！也是鼓舞我自己！必过！！！加油！！[lxhx奋斗@papi酱
http://m.weibo.com/2460997447/zcczWjoGb,10,113,收藏,2012-12-30 23:46:38?来自iPhone客户端,赶紧考吧。。。我感觉快崩溃了崩溃了溃了。。。
http://m.weibo.com/2460997447/z9J5fjXlX,1,68,收藏,2012-12-14 17:00:47?来自iPhone客户端,分享图片
http://m.weibo.com/2460997447/z9piuxRPa,22,122,收藏,2012-12-12 14:38:28?来自iPhone客户端,仄仄 多少年没吃到这个糖了
http://m.weibo.com/2460997447/z8dJ3COpW,29,153,收藏,2012-12-04 19:20:39?来自iPhone客户端,nino唱歌确实蛮抖的。。。[惊恐[惊讶[惊恐不过蛮有劲的[开心[开心[开心@谢菲菲Lexi
http://m.weibo.com/2460997447/yEzpiaTkD,8,155,收藏,2012-10-02 14:37:46?来自iPhone客户端,大咪！你怎么了大咪！！
http://m.weibo.com/2460997447/yEuDu9OwG,250,4,61,2012-10-02 02:29:02?来自土豆,川越达也好喜欢好喜欢好喜欢！！！不过我总觉得他是个gay。。。《[zoo字幕组120725 ジャニ勉―川越达也》 http://t.cn/zlI8Kxr  （分享自 @土豆网综艺）@mark
http://m.weibo.com/2460997447/yEsa84xN5,38,126,收藏,2012-10-01 20:11:09?来自iPhone客户端,子俊好帅[心[心[心[心[心
http://m.weibo.com/2460997447/yEqy7tAKy,285,4,27,2012-10-01 16:04:48?来自微博 weibo.com,Anna在此次的AdR配饰系列设计中加入了各种动物形，这种野性的摩登感加上#MOREISMORE#的时尚精神，也被冰冰演绎得淋漓尽致！这一季就让我们一起get a fashion shower!@范冰冰工作室
http://m.weibo.com/2460997447/yEfSs12jN,9,64,收藏,2012-09-30 12:54:42?来自iPhone客户端,月饼节快乐?
http://m.weibo.com/2460997447/yDPGAgJNG,8,110,收藏,2012-09-27 18:14:04?来自iPhone客户端,我现在特别后悔我为什么会立下这种“考前不买衣服”的誓…谢了个大特…人生没有意义了…
http://m.weibo.com/2460997447/yDxn2kKbn,25,35,收藏,2012-09-25 19:36:28?来自iPhone客户端,一个网上征友的故事[巨汗 （via fall_ark）
http://m.weibo.com/2460997447/yDcYawzHl,11,135,收藏,2012-09-23 15:40:13?来自iPhone客户端,左边这套好喜欢好喜欢好喜欢！！！
http://m.weibo.com/2460997447/yC2MgbZvW,11,24,收藏,2012-09-15 23:53:05?来自iPhone客户端,空爷推特：日饭问：中国也有不讨厌日本的人吧？空爷：有啊有很多，也有很多人认为那种行为（指打砸抢烧）是丢人的，请不要因为一部分人的行为认为是全体中国人都那样。
http://m.weibo.com/2460997447/yBZbxdVrr,268,5,34,2012-09-15 14:44:24?来自微博 weibo.com,孩子，慢点长。。。[可怜
http://m.weibo.com/2460997447/yBZ5640Ij,367,120,28,2012-09-15 14:28:31?来自微博搜索,看到围脖不少饱受掉毛困扰的妹子，来分享下好东西。一个是露得清的anti-residue清洁残余洗发水，去除各种化学非化学的残余物质，一周用一次，头皮变得很干净清爽不易出油。还有Avalon的维生素B防脱洗发水护发素一套，自带蓬松效果而且有光泽不毛躁。查了下这俩TB都有代购，在米国的drugstore有售
http://m.weibo.com/2460997447/yBwN4me4J,879,18,135,2012-09-12 14:27:12?来自微博 weibo.com,都说真正的美女都敢于露出额头――尝试了一下，失败。又说真正的美女都敢于中分，昨日心血来潮又尝试了一下，一开始感觉还不错，5分钟后怎么看怎么像汉奸，又失败！我还是老老实实三七开吧，谢特。
http://m.weibo.com/2460997447/yAPaybYuP,2,29,收藏,2012-09-07 23:24:10?来自iPad客户端,那英和刘嘉玲真是好像啊…那英白衬衫镜头的那个下眼线是咋了啊…扭欢婶么
http://m.weibo.com/2460997447/yAOrKgUuE,5,59,收藏,2012-09-07 21:33:50?来自iPhone客户端,那英和刘嘉玲真是好像啊…那英白衬衫镜头的那个下眼线是咋了啊…扭欢婶么
http://m.weibo.com/2460997447/yAMjdcD2h,47,35,收藏,2012-09-07 16:07:19?来自iPhone客户端,为神马妈妈总喜欢把小孩的刘海撩的高高的然后感叹一句“看看，这样真是美多了”！！！！！！！
http://m.weibo.com/2460997447/yAFdgngI3,182,22,35,2012-09-06 22:03:23?来自微博 weibo.com,日本某知名动漫投票网站举办的“黑长直角色人气投票”第一位是？？？？？不是黑猫、不是秋山巍⒉皇堑シ刺铮不是莉莉基友sama，不是黑血鸡，不是中野木辛，不是美焰，不是……这次的结果绝对有理有据令人信服！http://t.cn/zWrWXAD
http://m.weibo.com/2460997447/yAwXRtt6X,202,35,42,2012-09-06 01:03:31?来自微博 weibo.com,雪姨来了、、、，，，，，，，，，，雪姨是大家的。。。。。。。。。。。。。。。 【搞笑】雪姨首单mv泻出  （分享自 @优酷网）
http://m.weibo.com/2460997447/yzppeocUg,5,103,收藏,2012-08-29 15:58:38?来自iPhone客户端,哦也明天又要回上海咯！！！今晚上又要失眠了=。=。。。
http://m.weibo.com/2460997447/yzjFqs67L,9,67,收藏,2012-08-29 01:22:05?来自iPhone客户端,姐刚才在星巴克排队时，看见一英俊挺拔的衬衫仔裤男，姐情不自禁地就心花怒放了，正在思考要不要背着我男人上去问人家要一下电话号码时，另一肌肉发达的背心沙滩裤猛男推门而入，两人暧昧地互相打招呼。呵呵呵呵呵呵呵，小姐给我一杯抹茶拿铁不要拿铁。好累，感觉再也不会爱了。T_T
http://m.weibo.com/2460997447/yzhYictFj,22,122,收藏,2012-08-28 21:03:04?来自iPad客户端,姐刚才在星巴克排队时，看见一英俊挺拔的衬衫仔裤男，姐情不自禁地就心花怒放了，正在思考要不要背着我男人上去问人家要一下电话号码时，另一肌肉发达的背心沙滩裤猛男推门而入，两人暧昧地互相打招呼。呵呵呵呵呵呵呵，小姐给我一杯抹茶拿铁不要拿铁。好累，感觉再也不会爱了。T_T
http://m.weibo.com/2460997447/yyEgGyqZH,2,35,收藏,2012-08-24 15:58:29?来自iPhone客户端,这几天看了几个身边妹子的照片，我觉得自己真心弱爆了。@啊啊阿芙啊啊 让我们携手，一起走出“大妈”的阴影好吗！答应我，好吗！再下去我觉得我真的要成早上6点去菜市场排队买打折鸡蛋的欧巴桑了。。。
http://m.weibo.com/2460997447/yyDUpb9ew,230,1,23,2012-08-24 15:03:35?来自微博 weibo.com,我们家附近有一只散养的大黄狗，为人亲切温和，我管它叫大黄。每天路过只要看见他我就去摸摸他跟他说说话，大黄偶尔也会围着我打个转什么的。然后前天我又摸他头的时候他突然起身对我狂吠，凶恶至极的表情，直到被他主人呵斥。我再也不要理他了...以及他的名字原来叫＂虎子＂...感觉再也不会爱了...
http://m.weibo.com/2460997447/yyDJBhVHg,10,111,收藏,2012-08-24 14:37:00?来自iPhone客户端,我们家附近有一只散养的大黄狗，为人亲切温和，我管它叫大黄。每天路过只要看见他我就去摸摸他跟他说说话，大黄偶尔也会围着我打个转什么的。然后前天我又摸他头的时候他突然起身对我狂吠，凶恶至极的表情，直到被他主人呵斥。我再也不要理他了...以及他的名字原来叫＂虎子＂...感觉再也不会爱了...
http://m.weibo.com/2460997447/yyuBlzOxF,418,3,117,2012-08-23 15:21:58?来自微博 weibo.com,啊啦！今天是七夕啊！！！擦！我要过七夕！！！我要过七夕！！！！！
http://m.weibo.com/2460997447/yy0RX93Aw,2,107,收藏,2012-08-20 11:40:26?来自iPhone客户端,一早起来楼上楼下地跑，终于在最后一次的时候忘拿家门钥匙了。。。于是我现在和来我家取快递的哥们儿一起在我家门口蹲着等我男人火速归来开门。。。我觉得我真是太牛逼了
http://m.weibo.com/2460997447/yx5Re2S29,10,88,收藏,2012-08-14 10:32:05?来自iPhone客户端,所以，我上辈子一定是个美男子！
http://m.weibo.com/2460997447/ywmRXmo4o,618,41,53,2012-08-09 16:00:17?来自分享按钮,一下子想到小时候了。。。哈哈.MX――分享所有好笑的事情：小时候有没有过这样的场景。。。下雨天，爸爸或妈妈骑车带着我们，身上穿着雨衣，就会让我们钻到雨衣后面，搂着他们的腰，我们还会不停的问“到哪儿啦？到哪儿啦？”。。。幸福原来这么简单。 小时候有没有过这样的场景。。。... - 哈哈.MX――分享所有好笑的事情
http://m.weibo.com/2460997447/ywmDUxXpL,247,11,46,2012-08-09 15:25:41?来自微博 weibo.com,#中国周刊8月刊 声音#“我这一生，没有什么成就，唯一的感受就是累，很累很累很累......”――7月15日，黑龙江八一农垦大学一名大三学生在宿舍内自杀身亡。自杀前发出此微博。而他选择离去的最直接原因是在英语六级考试中作弊被抓，学校给予他取消学位的处理决定，他不能接受。
http://m.weibo.com/2460997447/ywmBWuzwq,218,14,37,2012-08-09 15:20:51?来自微博搜索,#中国周刊8月刊 声音#“我这一生，没有什么成就，唯一的感受就是累，很累很累很累......”――7月15日，黑龙江八一农垦大学一名大三学生在宿舍内自杀身亡。自杀前发出此微博。而他选择离去的最直接原因是在英语六级考试中作弊被抓，学校给予他取消学位的处理决定，他不能接受。
http://m.weibo.com/2460997447/yw3NgpIlQ,332,8,64,2012-08-07 15:26:32?来自分享按钮,爱酱真的好可爱~\(RQ)/~视频-福原爱流泪接受采访 虽有遗憾但是已尽力 http://t.cn/zWNPHU1  （分享自 @新浪视频）
http://m.weibo.com/2460997447/yvNiq04ju,254,0,32,2012-08-05 21:26:35?来自Weico.iPhone,加油啊林丹！！！！！
http://m.weibo.com/2460997447/yvN5pjdWe,311,1,60,2012-08-05 20:54:30?来自Weico.iPhone,加油啊林丹！！！！！
http://m.weibo.com/2460997447/yvBhbE0MU,170,18,23,2012-08-04 14:50:36?来自微博 weibo.com,NIKE送给中国队的文案（真心觉得耐克的公关很厉害，能够根据赛场的瞬间形式变化，来做相应的调整[赞）
http://m.weibo.com/2460997447/yvsFO0gDO,29,50,收藏,2012-08-03 16:56:30?来自iPhone客户端,来自twitter：当年郭跃和福原爱打球，小爱输了，蹲在地上哭，小郭看着小爱哭，用拍子给小爱扇风，过了一会，小郭看不下去了：你还哭啊，我都饿了。然后小爱一边哭一边拽着小郭衣角去食堂了。王楠给小爱玉佩，小爱笑着说：这样抽签就抽不到楠姐了！结果小爱抽签抽到了张怡宁大魔王。（via 风中疾走）
http://m.weibo.com/2460997447/yvsvVph1L,1,35,收藏,2012-08-03 16:32:11?来自iPhone客户端,小咪证件照来一发！
http://m.weibo.com/2460997447/yvsuRdjod,10,80,收藏,2012-08-03 16:29:31?来自iPhone客户端,小咪证件照来一发！
http://m.weibo.com/2460997447/yvcszn61Y,5,37,收藏,2012-08-01 23:39:58?来自iPad客户端,抱歉，此微博已被作者删除。查看帮助：http://t.cn/Rfd3rQV
http://m.weibo.com/2460997447/yuUwN57wd,1,18,收藏,2012-07-31 02:00:55?来自iPad客户端,告诉大家一个男团之外的好消息！！重剑半决赛~德国人把韩国人打败了~我们和韩国争夺铜牌……远目……不过再告诉大家一个乐子！棒纸又一次败了他们的rp~~剩最后一秒的时候，韩国人就觉得时间结束了，但是裁判认定没结束，韩国教练就对着裁判怒吼了……快看央一！
http://m.weibo.com/2460997447/yuUroh4dT,1,41,收藏,2012-07-31 01:47:37?来自iPad客户端,体操团体金牌唾手可得了！！！
http://m.weibo.com/2460997447/yuS6smqVB,1,28,收藏,2012-07-30 19:50:31?来自iPad客户端,第一项比赛结束了，不尽如人意。让所有关心我的朋友失望了，心里非常难受，四年的付出真的只有自己知道，但射击就是这样，总有各种不可预知性。我现在唯一可以做的就是调整好自己，迎接下一场比赛，我会努力的，祝福我自己，也祝福射击队!
http://m.weibo.com/2460997447/yuRrmkqPU,212,12,43,2012-07-30 18:09:18?来自微博 weibo.com,【日本最萌奥运主播】日本偶像组合岚的成员樱井翔赴伦敦前方，以新闻主播的身份报道奥运会。当人们从电视上看到他的样子不禁感慨：太萌了吧…事实上樱井翔08年时就曾以新闻主播的身份来到北京报道奥运会。中国有没有偶像组合成员也去做一回新闻主播的？跟他比比萌嘛[偷笑 图片来自：@晴天有时下猪
http://m.weibo.com/2460997447/yuKayiONu,238,9,34,2012-07-29 23:38:36?来自微博 weibo.com,《都市童话》女主角霍泥芳，凭借电影《夏天，有风吹过》荣获多个电影节“最佳新人奖”。她清新、温暖、干净的笑容让人不能忘怀。希望她能扫走你心中的阴霾。送上此电影链接http://t.cn/zW9mA7V @霍泥芳 @电影杂志MOVIE
http://m.weibo.com/2460997447/yuya5gNVP,5,30,收藏,2012-07-28 17:04:33?来自iPhone客户端,抱歉，此微博已被作者删除。查看帮助：http://t.cn/Rfd3rQV
http://m.weibo.com/2460997447/yuul2pxKQ,5,31,收藏,2012-07-28 07:20:32?来自iPad客户端,全场撒花全场最high的英国队进场的时候。。。。女王大人。。在。。玩。。指。。。甲。。。。 摄像师。。Nice catch ！！
http://m.weibo.com/2460997447/yufxw2sCr,5,59,收藏,2012-07-26 17:40:05?来自iPhone客户端,我不管今天到底还下不下雨，我都得出门了！在家闷得我脑袋嗷嗷疼，我要出门我要出门！！！
http://m.weibo.com/2460997447/yueFPCDiZ,183,1,24,2012-07-26 15:27:50?来自微博 weibo.com,每看一次都要流一次泪......还在歌功颂德的SB们，你们好意思吗?要脸吗? // 分享网易新闻:「北京暴雨溺亡车主妻子讲救援」 一起帮孩子回家_网易
http://m.weibo.com/2460997447/yu4uMm2Xy,2,50,收藏,2012-07-25 13:33:08?来自iPhone客户端,有事儿得出个门，老天保佑我别赶上雨。。。[祈祷[emoji
http://m.weibo.com/2460997447/ytVZRnths,370,2,61,2012-07-24 15:54:57?来自微博 weibo.com,??????????????????????2012中国汽车拉力锦标赛第一站张掖站，全场总冠军。感谢车队技师，领航孙强，感谢强大的对手和更强大的自己。?
http://m.weibo.com/2460997447/ytD9Js8La,336,11,39,2012-07-22 15:57:07?来自微博 weibo.com,抱歉，此微博已被作者删除。查看帮助：http://t.cn/Rfd3rQV
http://m.weibo.com/2460997447/ytCs2nZxH,572,3,55,2012-07-22 14:09:28?来自微博 weibo.com,从昨天晚上到今天早上，N个朋友给我发消息问我北京还好吗，你没事儿吧，甚至在美国的发小都知道了，我说没事儿，得亏昨儿一天没出门。但是我还是一想到广渠门那个大哥死在自己车里就特难受，离我那么近的地方就有一个人因为暴雨丧命了。北京啊，你这排水系统真得好好弄弄了。
http://m.weibo.com/2460997447/ytACqbaFP,3,25,收藏,2012-07-22 09:29:32?来自iPad客户端,【#北京暴雨#水深4米广渠门桥众人协力拉车忙】北京东城区广渠门桥下水深已达4米，人们试图拉出淹没在深水中的车。由于水的阻力太大，一名警察对人群里喊：“谁来帮忙拉一把”。几十人立刻冲上去拉住绳子，随着武警指挥口号，很快把一辆车拉了上来。现在，已拉出五辆车，有一名溺水者。@摄影师陈杰
http://m.weibo.com/2460997447/ytvzUs4uJ,4,88,收藏,2012-07-21 20:39:36?来自iPad客户端,我家大咪好帅呀（R?Q）
http://m.weibo.com/2460997447/ytsV4vTOW,434,0,42,2012-07-21 13:53:33?来自微博 weibo.com,这雨下得，我又以为自己在上海了。。。。
http://m.weibo.com/2460997447/ytlpzy8S9,9,163,收藏,2012-07-20 18:46:42?来自iPhone客户端,我好棒~矮马，被自己感动了~ε-(′?｀; )
http://m.weibo.com/2460997447/yt17W25eb,369,15,48,2012-07-18 15:08:18?来自微博搜索,【珍爱生命】淘宝店主@艾BAj 因连续通宵熬夜，昨天在睡梦中去世，年仅24岁，留给她的亲人与朋友无限哀伤。网友留言，淘宝店主这行也有很多别人不知道的辛苦，每次新货上架前，通宵是免不了的，白天还要去进货。几乎没有时间睡觉与吃饭。告诫：事业再重要，也请不要透支自己的生命。
http://m.weibo.com/2460997447/ysg11zAIE,20,28,收藏,2012-07-13 15:12:10?来自iPhone客户端,按常规死亡率统计，1975～2010年，有超过1000万独生子女25岁前死亡。这意味着有2000万名父母，在中老年时期失去唯一的子嗣，成为孤立无助的失独老人。老无所依，加精神寄托的缺失，使他们成为计生政策的间接牺牲品。“失独”家庭的状况大致分两类，一城市基本上有退休金等保障；而农民则基本无障。
http://m.weibo.com/2460997447/yrWex2Rzt,2,80,收藏,2012-07-11 12:50:31?来自iPhone客户端,my 夹子 dead了。。。我心里好悲凉。。。它完成了它的使命光荣牺牲了，我会找到你的接班人的！！！正在寻思是珍珠样还是蝴蝶结样。。。ε-(′?｀; )
http://m.weibo.com/2460997447/yrcdouJEx,10,126,收藏,2012-07-06 15:41:21?来自iPhone客户端,大咪这样是不是更美了？捂脸飘走~
http://m.weibo.com/2460997447/yqSMXclZJ,233,0,22,2012-07-04 14:14:00?来自微博 weibo.com,抱歉，此微博已被作者删除。查看帮助：http://t.cn/Rfd3rQV
http://m.weibo.com/2460997447/yqDKaEO6Z,37,29,收藏,2012-07-02 23:55:57?来自iPhone客户端,抱歉，此微博已被作者删除。查看帮助：http://t.cn/Rfd3rQV
http://m.weibo.com/2460997447/yqAVbF4bR,586,4,115,2012-07-02 16:44:51?来自微博 weibo.com,最近好想买蝴蝶结发卡啊！！！shit，我会告诉你们我乙女心泛滥了吗！！！哪一个适合我呢...貌似都很适合但是仔细一看好像都不适合...我这种粗糙女配蝴蝶结真的可以吗可以吗可以吗！！！
http://m.weibo.com/2460997447/yqlge0Mbk,4,52,收藏,2012-07-01 00:52:46?来自iPhone客户端,每次去KTV我总尝试着某些人点的歌，我想，既然有人喜欢，说明这首歌必定有它的动听、动人之处。好吧，每次我都失败了。。。扶额。。。
http://m.weibo.com/2460997447/ypNNGdZIP,3,72,收藏,2012-06-27 11:41:47?来自iPhone客户端,做梦梦见又和你在一块拍戏了，你进屋后说好饿，因为戏太多来不及吃饭，胃都疼了。一醒来意识到是你生日，生日快乐！不过忙事业的同时更要注意身体啊！！咱北京见，话说咱n久没拍双胞胎照了~得补上！happy birthday！love you~[微笑[礼花[气球[草莓蛋糕[蛋糕@霍泥芳
http://m.weibo.com/2460997447/ypwZH6gYA,2173,65,748,2012-06-25 16:54:40?来自微博 weibo.com,昨晚上我妈在电视里看到韩寒，说：韩寒是蛮帅的。我说：←_← 人家说我长得像韩寒。我妈凝视了我5秒，说：嗯，有点的。←_←|||.我说：男生女相，女生男相的人都很好看的。我妈说：哦怪不得韩寒蛮帅的。←_←.....妈...别这样。。。话说:哪里像了...
http://m.weibo.com/2460997447/ypqHkx5Py,420,6,39,2012-06-25 00:52:56?来自土豆,矮马 craig david我爱死你了《【猴姆独家】法国当红DJ Remady联手Craig David爆好听新单超清mv大首播》
http://m.weibo.com/2460997447/yppD0tkus,6,77,收藏,2012-06-24 22:09:33?来自iPhone客户端,大咪大咪人家好想你！！！我觉得再锻炼一阵大咪就能像猫叔那样顶橘子顶篮子顶大花了！！！Bで！大咪ちゃん！！
http://m.weibo.com/2460997447/yppBSqp99,458,26,55,2012-06-24 22:06:47?来自微博 weibo.com,【女孩放弃高考爱“折腾” 被美国8名校录取】从高一下学期开始，北师大附属实验中学谭秋韵放弃高考，她说，以她的成绩考入北大清华没问题。 但从小参加各种社会互动，深受曾留学法国的母亲“生命的意义在于体验最多而不是最好”，影响的她，决定放弃高考，申请包括哥大在内的大学，并获得成功。
http://m.weibo.com/2460997447/yphtins9p,674,96,41,2012-06-24 01:23:40?来自微博 weibo.com,不管I了多少，@些混蛋都神秘地消失……有木有？
http://m.weibo.com/2460997447/yoF1Nic3j,8,138,收藏,2012-06-19 23:31:32?来自iPhone客户端,麻麻刚才竟然在用微信跟我联系，好开心啊！！！明天回上海教她用视频~上海我又要回来啦~！！！今天特地网购了个雨靴，希望能用到。。。嗯！！
http://m.weibo.com/2460997447/yovDH5QXd,383,46,31,2012-06-18 23:37:27?来自微博 weibo.com,如果将英语26个字母由A到Z分别编上1到26的分数，你的知识(KNOWLEDGE)只能得到11+14+15+23+12+5+4+7+5=96分；你努力工作(HARDWORK)也只能得到8+1+18+4+23+15+18+11=98分；只有你的态度(ATTITUDE)才是左右你生命全部的1+20+20+9+20+21+4+5=100分。――态度决定一切。 @女生大智慧 投稿
http://m.weibo.com/2460997447/ynHnQ9TeR,582,1,90,2012-06-13 15:41:01?来自微博 weibo.com,昨儿晚上就觉得右眼眨眼疼，今天一看下眼睑肿了。。。。百度了一下：麦粒肿。麦粒肿这种东西最烦人了，说麻烦不麻烦，说不麻烦还真挺麻烦。谢特！！！
http://m.weibo.com/2460997447/ynxChtZxR,406,2,46,2012-06-12 14:49:09?来自微博 weibo.com,@papi酱 是谁告诉我练高跟鞋从10cm开始的。。。号称最舒服的百丽。。。走起来还是难走的一比。。。[泪
http://m.weibo.com/2460997447/ynwRttv5z,472,5,53,2012-06-12 12:53:50?来自微博 weibo.com,@papi酱 是谁告诉我练高跟鞋从10cm开始的。。。号称最舒服的百丽。。。走起来还是难走的一比。。。[泪
http://m.weibo.com/2460997447/ynfhtghyP,637,39,53,2012-06-10 16:08:26?来自微博 weibo.com,#银魂#后遗症:大家看完银他妈以后思想上心灵上生活上身体上有没有什么改变？一起来说说！
http://m.weibo.com/2460997447/ymWWTcIuy,556,7,54,2012-06-08 17:28:17?来自微博 weibo.com,今天高考进行英语考试,因有听力测试，南京九中考点由于紧邻道路，家长们怕噪音影响考生，联手拦在路口，客气地请过骑车的路人帮忙绕一下路，被拦下的路人都很理解避开这一段。现代快报记者 赵杰 摄 [汗[汗[汗全世界似乎只有中国的家长才做的出来。。。
http://m.weibo.com/2460997447/ymDYZ3qwb,983,75,129,2012-06-06 17:11:16?来自微博 weibo.com,有多少事你想要做却一直没有做，有多少话你想要说却永远不敢说。
http://m.weibo.com/2460997447/ymlmRhHc4,933,132,53,2012-06-04 17:47:53?来自微博 weibo.com,转自@糗事百科 看到个快高考想自杀的。我想告诉你。朋友，别泄气。我有个从小玩到大的兄弟。十岁的时候他妈妈因病去世了，后来他爸给他找了个后...
http://m.weibo.com/2460997447/ymari5iMo,880,112,95,2012-06-03 13:58:35?来自微博 weibo.com,睡相一定要优美，提防身边手欠人。。。
http://m.weibo.com/2460997447/ylSme7TbA,577,8,66,2012-06-01 15:56:40?来自微博 weibo.com,papi携大咪小咪――儿童节快乐！！！！！！！~\(RQ)/~
http://m.weibo.com/2460997447/ylSk0qmzv,499,2,45,2012-06-01 15:51:13?来自微博 weibo.com,papi携大咪小咪――儿童节快乐！！！！！！！~\(RQ)/~
http://m.weibo.com/2460997447/ylSbHn6M9,3,61,收藏,2012-06-01 15:30:43?来自iPhone客户端,papi携大咪小咪――儿童节快乐！！！！！！！~\(RQ)/~
http://m.weibo.com/2460997447/ylRv1goQC,1194,36,206,2012-06-01 13:45:35?来自微博 weibo.com,papi携大咪小咪――儿童节快乐！！！！！！！~\(RQ)/~
http://m.weibo.com/2460997447/yl7URuf1O,819,5,139,2012-05-27 17:42:55?来自微博 weibo.com,我必须得买一个药盒了。。。现在每天要吃50几颗药+药膏，有饭前吃的饭后吃的各种，有一天2顿的一天3顿的还有一天1顿的，有一天抹2次的一天抹4,5次的，结果老是忘吃或者漏吃药。。。有人推荐或者发明一下么，可以定时提醒你吃药的药盒=w=
http://m.weibo.com/2460997447/ykZ1aegDU,754,7,250,2012-05-26 19:03:42?来自微博 weibo.com,有什么治头疼的方法么。。。
http://m.weibo.com/2460997447/ykFrJmg4S,637,4,345,2012-05-24 17:14:11?来自微博 weibo.com,某人要看的大咪照片，大咪胆大但是像老年痴呆症一样，右下角两张黄色的咪是我家小咪，胆小但是古灵精怪的XD 你们喜欢哪一枚？@人格分裂症候群
http://m.weibo.com/2460997447/ykFnBarrQ,1035,19,405,2012-05-24 17:04:02?来自微博 weibo.com,某人要看的大咪照片，大咪胆大但是像老年痴呆症一样，右下角两张黄色的咪是我家小咪，胆小但是古灵精怪的XD 你们喜欢哪一枚？@人格分裂症候群
http://m.weibo.com/2460997447/ykwlukwas,1345,20,823,2012-05-23 18:04:08?来自微博 weibo.com,【2天的缘分】刚才朋友来把小小咪接走了，心里还真是有点失落。朋友走后大咪就站在门口发呆，小咪蹭地一下现身对着我叫。嘛，小小咪以后能幸福就好，白白nei~会时不时地去看你的[可爱要乖啊！
http://m.weibo.com/2460997447/ykfj6fd1Z,1195,11,465,2012-05-21 22:41:32?来自微博 weibo.com,朋友确认要领养小小咪了，后天就来抱走啦！谢谢各位帮转的盆友们！！
http://m.weibo.com/2460997447/ykcxq14Nd,1282,18,502,2012-05-21 15:38:32?来自微博 weibo.com,男朋友的舅妈前天在路上捡了只小咪，但家里有小小孩便托付给我们。目测1个月左右，公猫。已洗澡，未取名。性格活泼,胆儿大,亲人不咬人,爱挨着人睡. 我家中已有一公一母两只猫,实在养不了了.现为小小咪寻主人，坐标北京广渠门双井。不养的盆友们也帮忙转一下吧，射射！
http://m.weibo.com/2460997447/ykbBJpYT5,8,389,收藏,2012-05-21 13:16:27?来自iPhone客户端,医院开的药和现在每天每顿要吃的药，水喝得好饱。。。还老特么卡嗓子眼儿，一打嗝一股混合药味=w=
http://m.weibo.com/2460997447/yj1HGAkSX,883,75,291,2012-05-13 22:13:21?来自微博 weibo.com,经过这几天与妹子们的便秘交流，papi还是想告诉大家：便秘不是一朝一夕可以治好的，没有什么东西能让你一天之内就从便秘―>正常人，真有那种药的话那药也绝对有问题。先从每日膳食做起，不要节食减肥，平衡营养，多补充膳食纤维，要吃肉，要吃饭！别挑食！！大家可以买这本书看，很有帮助的~
http://m.weibo.com/2460997447/yiguwt3s3,571,3,244,2012-05-08 22:01:49?来自微博 weibo.com,筒！！！我又回砹耍。。
http://m.weibo.com/2460997447/ygK2BeOIK,1014,14,405,2012-04-28 21:34:49?来自微博 weibo.com,每天一看新闻就觉得要打仗了，一看微博又觉得天下太平。
http://m.weibo.com/2460997447/ygIGmEG5a,1327,90,419,2012-04-28 18:07:18?来自微博 weibo.com,不！！！这不是赵本山！！！我不相信！！！！！>0<
http://m.weibo.com/2460997447/ygI0D3Zq9,1121,16,615,2012-04-28 16:24:28?来自微博 weibo.com,心情好差。。。晚上要吃日料吃日料吃日料。。。调整一下心情。
http://m.weibo.com/2460997447/ygAT4jPiI,1427,43,805,2012-04-27 22:16:35?来自微博 weibo.com,结果今天又订了一个vividcake……嗯，我也决定吃喜欢的东西，过短命的人生了。有春天无所畏什么的。
http://m.weibo.com/2460997447/ygx6X9APn,1013,26,718,2012-04-27 12:39:50?来自微博 weibo.com,我笑点又低了。。。。。。T_T 笑死我了。。。。。。
http://m.weibo.com/2460997447/yg9JrFPPz,1554,120,820,2012-04-25 01:08:45?来自微博 weibo.com,我笑点滴。。。拍桌狂笑。。。
http://m.weibo.com/2460997447/yg5KSo9UP,605,13,338,2012-04-24 15:01:15?来自微博 weibo.com,哈哈哈哈 [偷笑 戳中天下君的笑点！彪悍的卡古拉酱！
http://m.wei